statement,evidence,label_name,predicted_label,error_type,gold_label_explanation,baseline_failure_reason,suggested_adjustment,source_row
Do mặt hàng dầu mazut giảm quá mạnh nên đã được tăng trích từ 0 đồng lên 300 đồng/lít.,riêng mặt hàng dầu mazut tăng trích từ 0 đồng lên 300 đồng/lít.,NEI,Refuted,Không đủ thông tin,"Evidence chỉ xác nhận dầu mazut được tăng mức trích từ 0 lên 300 đồng/lít; không nêu nguyên nhân là do giá giảm quá mạnh. Vì phần nguyên nhân chưa được chứng minh, nhãn đúng là NEI.","Cụm từ về mức trích xuất hiện gần như giống nhau làm mô hình nghiêng sang Refuted, nhưng mô hình không tách được phần sự kiện đã có bằng chứng và phần nguyên nhân bị thêm vào.","Giữ ranh giới rõ giữa Statement và Evidence; thử unigram + bigram và giữ các từ quan hệ như ‘do’, ‘nên’ để mô hình nhận diện phần nguyên nhân.",722
Những người có tiền sử gia đình mắc bệnh ung thư gan sẽ có nguy cơ mắc bệnh thấp hơn.,"còn có một số yếu tố nguy cơ khác như nhiễm độc tố Alfatoxin, Dioxin, bệnh gan di truyền, bệnh gan nhiễm mỡ, béo phì, đái tháo đường, uống nhiều rượu…",NEI,Refuted,Không đủ thông tin,Evidence liệt kê các yếu tố nguy cơ ung thư gan nhưng không nói tiền sử gia đình làm nguy cơ thấp hơn hay cao hơn. Do đó chưa thể xác nhận hoặc bác bỏ phát biểu.,"Mô hình bắt được các từ ‘nguy cơ’, ‘ung thư gan’ rồi suy ra có mâu thuẫn, dù Evidence không đề cập trực tiếp quan hệ với tiền sử gia đình.","Giữ cụm từ đầy đủ bằng bigram; khi báo cáo, ghi rõ đây là giới hạn của TF-IDF vì chỉ dựa mạnh vào từ xuất hiện chung.",1083
"Đây cũng là năm đầu tiên Báo Thể thao và Văn hóa áp dụng công nghệ Blockchain vào công tác tổ chức và phát hành những NFT, tài sản ảo đại diện cho những hình ảnh, video clip độc bản, video độc quyền của những đề cử và của Giải thưởng Cống hiến”, ông Lê Xuân Thành cho biết.","Đây cũng là năm đầu tiên Báo Thể thao và Văn hóa áp dụng công nghệ Blockchain vào công tác tổ chức và phát hành những NFT, tài sản ảo đại diện cho những hình ảnh, video clip độc bản của những đề cử và của Giải thưởng Cống hiến”, ông Lê Xuân Thành cho biết.",NEI,Refuted,Không đủ thông tin,"Evidence xác nhận việc phát hành NFT đại diện cho hình ảnh và video clip độc bản, nhưng không xác nhận chi tiết ‘video độc quyền’. Phần bổ sung này làm mẫu thuộc NEI.",Độ trùng từ rất cao khiến một chi tiết nhỏ bị thêm vào không được mô hình tuyến tính nhận ra.,Dùng bigram và giữ dấu câu; kiểm tra trọng số của các cụm quanh ‘độc quyền’ thay vì chỉ dựa vào độ trùng từ tổng thể.,343
"Chánh văn phòng Trung tâm Đào tạo - Chỉ đạo tuyến, Bệnh viện Phụ sản Trung ương TP.HCM- ThS.BS Phan Chí Thành cho biết gia đình xin bác sĩ thuốc ""hãm"" vì cụ ông ngoài 60 vẫn thèm chuyện ấy.","ThS.BS Phan Chí Thành - Chánh văn phòng Trung tâm Đào tạo - Chỉ đạo tuyến, Bệnh viện Phụ sản Trung ương Gia đình xin bác sĩ thuốc ""hãm"" vì cụ ông ngoài 60 vẫn thèm chuyện ấy",NEI,Refuted,Không đủ thông tin,"Evidence xác nhận chức vụ, tên bác sĩ và nội dung gia đình xin thuốc, nhưng không nêu ‘TP.HCM’. Vì địa điểm bổ sung không được chứng minh, nhãn đúng là NEI.",Hầu hết từ khóa chính đều trùng nên mô hình xem phần địa điểm bổ sung là không đáng kể.,Giữ nguyên tên riêng và dấu câu; dùng bigram để tăng khả năng nhận ra cụm địa điểm và phần thông tin được thêm vào.,570
"Trong cấu trúc doanh thu Phúc Long, doanh thu từ trà chiếm tỷ lệ cao nhất, đứng nhì là cà phê, đứng thứ ba là sữa.","Trong cấu trúc doanh thu Phúc Long, doanh thu từ trà chiếm hơn 70% nhờ thương hiệu được yêu thích.",NEI,Refuted,Không đủ thông tin,"Evidence chỉ nói doanh thu trà chiếm hơn 70%; không cho biết cà phê đứng thứ hai và sữa đứng thứ ba. Vì thứ hạng còn lại thiếu bằng chứng, nhãn đúng là NEI.","Mô hình bị chi phối bởi cụm ‘cấu trúc doanh thu’, ‘Phúc Long’ và ‘trà’, trong khi bỏ qua hai quan hệ xếp hạng không có trong Evidence.","Giữ các từ chỉ thứ hạng và thử bigram như ‘đứng nhì’, ‘đứng thứ’; trình bày đây là lỗi của biểu diễn bag-of-words.",932
Bản sao của bộ xương hóa thách được tìm thấy sau khoảng 10 năm khai quật.,"bản sao bộ xương hóa thạch của một trong 6 con titanosaur được tìm thấy sau khi một nông dân ở vùng Argentina phát hiện ra một xương đùi khổng lồ nhô ra khỏi mặt đất vào năm 2010, dẫn đến quá trình khai quật kéo dài nhiều năm.",NEI,Refuted,Số liệu / thời gian,"Evidence nói bộ xương được phát hiện năm 2010 và quá trình khai quật kéo dài nhiều năm, nhưng không xác nhận con số khoảng 10 năm. Vì thời lượng cụ thể chưa đủ bằng chứng, nhãn đúng là NEI.",Mô hình nhận thấy nội dung khai quật tương tự nhưng không liên kết được mốc năm với khoảng thời gian được suy ra.,"Không xóa số; giữ cụm thời gian và dùng bigram để các biểu thức ‘10 năm’, ‘năm 2010’, ‘nhiều năm’ được biểu diễn rõ hơn.",1377
"Sau khi nhận tem máy từ Liều, ông Chín đục lại số máy trên máy cũ thành số máy mới bằng cách sử dụng công nghệ hiện đại học từ nước ngoài.","Sau khi nhận tem máy từ Liều, ông Chín đục lại số máy trên máy cũ thành số máy mới,",NEI,Refuted,Không đủ thông tin,"Evidence xác nhận ông Chín đục lại số máy sau khi nhận tem, nhưng không nói ông dùng công nghệ hiện đại học từ nước ngoài. Phần phương thức này chưa được chứng minh nên là NEI.","Phần đầu Statement gần như chép lại Evidence, làm các từ bổ sung ở cuối câu bị lấn át.",Giữ dấu câu và bigram; phân tích riêng phần bổ sung sau cụm ‘bằng cách’ khi giải thích lỗi.,833
"Bắt đầu từ ngày 18/3 đến hết ngày 20/5, công an sẽ mở cao điểm cấp Căn căn cước công dân gắn chíp kết hợp cấp tài khoản định danh điện tử cho toàn bộ công dân trong độ tuổi sinh năm 2004, 2005, 2007, 2008 thi tuyển sinh ngày 1/7/2023 chưa được cấp Căn cước công dân gắn chíp điện tử.","bắt đầu từ ngày 18/3 đến hết ngày 20/5, công an sẽ mở cao điểm cấp Căn căn cước công dân gắn chíp kết hợp cấp tài khoản định danh điện tử cho toàn bộ công dân trong độ tuổi thi tuyển sinh năm 2023 chưa cấp Căn cước công dân gắn chíp điện tử bộ công dân sinh năm 2004, 2005, 2007, 2008. Cụ",NEI,Refuted,Số liệu / thời gian,"Evidence có giai đoạn 18/3–20/5 và nhóm năm sinh, nhưng không xác nhận chi tiết kỳ thi diễn ra ngày 1/7/2023. Vì mốc ngày bổ sung thiếu bằng chứng, nhãn đúng là NEI.",Nhiều số và ngày gần nhau làm TF-IDF khó xác định mốc nào thuộc sự kiện nào.,"Giữ nguyên ngày, năm và dấu gạch; thử bigram để gắn mốc thời gian với cụm sự kiện tương ứng.",1153
"Trong các phương thức xét tuyển thì chỉ tiêu cho đánh giá năng lực là nhiều nhất, hơn 40% tổng chỉ tiêu tuyển sinh của trường.","Các phương thức tuyển sinh của Đại học Quốc gia Hà Nội cơ bản ổn định, gồm xét theo điểm thi tốt nghiệp THPT; xét bằng điểm thi đánh giá năng lực; bằng các kỳ thi, chứng chỉ quốc tế kết hợp với học bạ; xét tuyển học sinh các trường chuyên, THPT thuộc Đại học Quốc gia Hà Nội. Theo ông Đức, chỉ tiêu xét tuyển từ điểm thi đánh giá năng lực có thể tăng lên so với mức 20% của năm 2022.",NEI,Refuted,Số liệu / thời gian,Evidence chỉ cho biết chỉ tiêu theo điểm đánh giá năng lực có thể tăng so với mức 20% năm 2022; không xác nhận mức hơn 40% hay đây là chỉ tiêu lớn nhất. Nhãn đúng là NEI.,"Các từ về phương thức xét tuyển trùng nhiều, còn quan hệ so sánh ‘hơn 40%’ và ‘nhiều nhất’ không được mô hình xử lý tốt.","Không xóa số và từ so sánh; dùng bigram cho ‘hơn 40%’, ‘nhiều nhất’, ‘tăng lên’.",1370
"Gần 11.400 máy tính bảng được Chủ tịch nước trao tặng học sinh vùng sâu, vùng xa trong tỉnh Kon Tum vào chiều 7/3.","Gần 11.400 máy tính bảng được trao tặng học sinh vùng sâu, vùng xa trong tỉnh Kon Tum vào chiều 7/3.",NEI,Refuted,Không đủ thông tin,"Evidence xác nhận gần 11.400 máy tính bảng được trao cho học sinh Kon Tum vào 7/3, nhưng không nêu người trao là Chủ tịch nước. Thiếu thông tin về chủ thể nên là NEI.","Số lượng, đối tượng, địa điểm và thời gian đều trùng nên chi tiết chủ thể bị mô hình bỏ qua.",Giữ tên chức danh và bigram; kiểm tra các trường hợp thêm hoặc đổi chủ thể trong tập lỗi.,128
Bộ GD&ĐT vừa ra quyết định về việc điều chỉnh liên kết tổ chức thi cấp chứng chỉ tiếng Anh IELTS vào ngày 6/7 vừa qua.,Bộ GD&ĐT vừa ra quyết định về việc điều chỉnh liên kết tổ chức thi cấp chứng chỉ tiếng Anh IELTS,NEI,Supported,Số liệu / thời gian,"Evidence xác nhận Bộ GD&ĐT ra quyết định điều chỉnh liên kết thi IELTS nhưng không có ngày 6/7. Vì mốc ngày chưa được chứng minh, nhãn đúng là NEI.",Độ trùng từ cao khiến mốc thời gian bổ sung không đủ làm thay đổi dự đoán Supported.,Giữ ngày tháng và thử bigram; không loại số hoặc dấu gạch chéo trong preprocessing.,1206
"Trước khi có cơ sở chính thức ở quận 1, Trường Trưng Vương tạm tổ chức các hoạt động dạy và học tại Trường Gia Long do quyết định của quan chức cấp cao thời đó.","Trong khi chưa có cơ sở học chính thức, Trường Trưng Vương tạm tổ chức các hoạt động dạy và học tại Trường Gia Long Trường Nữ Trung Học Trưng Vương chính thức được chuyển về số 3 đường Nguyễn Bỉnh Khiêm, Q.1",NEI,Supported,Quan hệ nhân quả / quan hệ,"Evidence nói Trường Trưng Vương tạm học tại Trường Gia Long khi chưa có cơ sở chính thức, nhưng không nêu nguyên nhân là quyết định của quan chức cấp cao. Vì quan hệ nguyên nhân thiếu bằng chứng, nhãn đúng là NEI.",TF-IDF nhận ra các thực thể và hành động giống nhau nhưng không biểu diễn được quan hệ nguyên nhân được thêm vào.,"Giữ các từ chỉ quan hệ như ‘do’, ‘vì’; dùng bigram và nêu rõ giới hạn của mô hình bag-of-words.",426
Phó Thủ tướng Lê Minh Khái và Bí thư thứ nhất Trung ương Đoàn Bùi Quang Huy đã trao cúp vô địch cho đội Đại học Huế và giải Nhì cho ĐH Thủy Lợi.,Phó Thủ tướng Lê Minh Khái và Bí thư thứ nhất Trung ương Đoàn Bùi Quang Huy đã trao cúp vô địch cho đội Đại học Huế,NEI,Supported,Không đủ thông tin,"Evidence xác nhận đội Đại học Huế nhận cúp vô địch, nhưng không nói ĐH Thủy Lợi nhận giải Nhì. Một phần của phát biểu chưa được chứng minh nên là NEI.",Mô hình bị chi phối bởi phần đầu hoàn toàn trùng với Evidence và bỏ qua mệnh đề bổ sung.,Giữ liên từ ‘và’ cùng dấu câu; thử bigram để nhận biết phát biểu gồm nhiều mệnh đề cần được kiểm chứng.,1250
Trường ĐH Ngoại ngữ -Tin học TPHCM đã trao đổi với phóng viên Dân trí rằng chương trình hội thảo về khởi nghiệp này nằm trong chuỗi hoạt động về chủ đề khởi nghiệp do Đoàn hội các trường phối hợp với Hội sinh viên và Nhà Văn hóa sinh viên TPHCM tổ chức vào tháng 2/2023.,"Trao đổi với PV Dân trí về sự việc gây xôn xao, đại diện Trường ĐH Ngoại ngữ -Tin học TPHCM cho biết, chương trình hội thảo về khởi nghiệp này nằm trong chuỗi hoạt động về chủ đề khởi nghiệp do Đoàn hội các trường phối hợp với Hội sinh viên và Nhà Văn hóa sinh viên TPHCM tổ chức.",NEI,Supported,Số liệu / thời gian,"Evidence xác nhận nội dung, đơn vị phối hợp và chuỗi hoạt động khởi nghiệp, nhưng không nêu thời điểm tháng 2/2023. Do đó nhãn đúng là NEI.",Các cụm dài trùng nhau làm mốc thời gian bổ sung bị lấn át.,Không xóa số và ngày; dùng bigram cho cụm tháng/năm và giữ ranh giới Statement–Evidence.,1281
Weploy - mô hình cung ứng nhân sự thời vụ trên nền tảng số gây sốt khi xuất hiện tại thị trường Việt Nam hỗ trợ cho doanh nghiệp tuyển dụng.,chính thức có mặt tại Việt Nam sau khi thành công ở vòng gọi vốn đầu tiên với 5 triệu USD từ Skymind Global Ventures. Weploy - mô hình cung ứng nhân sự thời vụ trên nền tảng số,NEI,Supported,Không đủ thông tin,Evidence xác nhận Weploy là mô hình cung ứng nhân sự thời vụ trên nền tảng số tại Việt Nam; không xác nhận ‘gây sốt’ hoặc tác dụng hỗ trợ tuyển dụng như phát biểu. Nhãn đúng là NEI.,"Mô hình xem phần mô tả thực thể trùng nhau là bằng chứng đủ, dù các thuộc tính bổ sung chưa xuất hiện.",Dùng bigram và rà soát các tính từ/thuộc tính bổ sung; giữ nguyên cấu trúc hai phần của đầu vào.,1086
"Học sinh Nguyễn Anh Dũng đạt thành tích cao nhất của một học sinh ở tỉnh Đắk Nông kể từ khi thành lập tỉnh đó là giải nhì, năm trước tình cũng có một em đạt giải 3 môn toán.",Học sinh Nguyễn Anh Dũng đạt thành tích cao nhất của một học sinh ở tỉnh Đắk Nông kể từ khi thành lập tỉnh,NEI,Supported,Không đủ thông tin,"Evidence xác nhận thành tích của Nguyễn Anh Dũng là cao nhất tại Đắk Nông, nhưng không có thông tin năm trước có học sinh đạt giải ba môn Toán. Mệnh đề thứ hai thiếu bằng chứng nên là NEI.",Phần đầu trùng hoàn toàn nên mô hình dự đoán Supported và bỏ qua mệnh đề bổ sung ở cuối.,"Giữ dấu phẩy và liên từ; dùng bigram, đồng thời đánh dấu đây là lỗi phát biểu nhiều mệnh đề.",255
"Việc chuyển đổi cũng đi đôi với những thử thách khó khăn về công tác chuyên môn, tổ chức và truyền thông khi mùa giải đang đến gần và khoảng thời gian chuẩn bị đang đị rút ngắn đi.","Việc chuyển đổi cũng đi đôi với những thử thách khó khăn về công tác chuyên môn, tổ chức và truyền thông... nên cần có những phương án, giải pháp đối phó kịp thời, hiệu quả",NEI,Supported,Quan hệ nhân quả / quan hệ,Evidence chỉ nói quá trình chuyển đổi có thử thách và cần giải pháp; không xác nhận mùa giải đến gần và thời gian chuẩn bị bị rút ngắn. Quan hệ hoàn cảnh bổ sung chưa có bằng chứng nên là NEI.,Mô hình nhận diện chủ đề và cụm ‘thử thách’ nhưng không phân biệt được các nguyên nhân cụ thể.,"Giữ từ chỉ thời gian và quan hệ; dùng bigram cho ‘đến gần’, ‘rút ngắn’.",953
"Một Lương Kỳ Duyên mà khán giả đã quen với hình ảnh nhí nhảnh, ngọt ngào nay đã trong một vai trò hoàn toàn mới mà theo cô, đây là lần đầu tiên cô nắm giữ, đó chính là MC của VITM 2023.","Lương Kỳ Duyên trong một vai trò hoàn toàn mới - MC của VITM 2023 khán giả đã quá quen với một Lương Kỳ Duyên nhí nhảnh, ngọt ngào",NEI,Supported,Không đủ thông tin,"Evidence xác nhận Lương Kỳ Duyên có vai trò mới là MC VITM 2023 và hình ảnh quen thuộc; không xác nhận đây là lần đầu cô đảm nhiệm theo lời cô. Vì chi tiết này thiếu bằng chứng, nhãn đúng là NEI.",Nội dung chính trùng mạnh nên mô hình coi toàn bộ Statement được hỗ trợ.,Dùng bigram và chú ý các cụm chỉ lần đầu hoặc nguồn phát ngôn khi đọc lỗi.,969
Dự án chậm tiến độ do vướng giải phóng mặt bằng và không thỏa thuận được với chủ đầu tư về việc bồi thường GPMB.,dự án chậm tiến độ do vướng giải phóng mặt bằng.,NEI,Supported,Quan hệ nhân quả / quan hệ,"Evidence xác nhận dự án chậm do vướng giải phóng mặt bằng, nhưng không nêu việc không thỏa thuận được với chủ đầu tư về bồi thường. Một nguyên nhân bổ sung chưa được chứng minh nên là NEI.",Mô hình nhận thấy quan hệ ‘chậm do giải phóng mặt bằng’ trùng nhau và bỏ qua nguyên nhân thứ hai.,"Giữ liên từ ‘và’, ‘do’; dùng bigram để biểu diễn các nguyên nhân riêng biệt.",942
"Thanh tra Sở Xây dựng TP Hải Phòng có công văn đề nghị UBND quận Kiến An chỉ đạo UBND phường Quán Trữ và các phòng ban chuyên môn xác định nguồn gốc đất, kiểm tra trật tự xây dựng, đồng thời lập hồ sơ và đình chỉ thi công xây dựng trong 2 tháng với 9 căn nhà liền kề.","Ngày 15/2, Thanh tra Sở Xây dựng TP Hải Phòng có công văn đề nghị UBND quận Kiến An chỉ đạo UBND phường Quán Trữ và các phòng ban chuyên môn xác minh nguồn gốc đất, kiểm tra trật tự xây dựng, lập hồ sơ xử lý với 9 căn nhà liền kề nêu trên. đề nghị quận Kiến An đình chỉ thi công xây dựng.",NEI,Supported,Số liệu / thời gian,"Evidence xác nhận đề nghị đình chỉ thi công 9 căn nhà nhưng không nêu thời hạn hai tháng. Vì thời lượng cụ thể thiếu bằng chứng, nhãn đúng là NEI.","Mô hình bị chi phối bởi cơ quan, hành động và số căn nhà trùng nhau, không nhận ra thời lượng được thêm vào.","Không xóa số; dùng bigram cho ‘2 tháng’, ‘9 căn’ và giữ cấu trúc Statement–Evidence.",1301
"Trong tổng số nợ lên tới hơn 300 tỉ USD, bước đi được đánh giá mở đường cho tập đoàn địa ốc nợ nhiều nhất thế giới này tái cơ cấu khoản nợ nước ngoài 52,7 tỉ USD.","Bước đi được đánh giá mở đường cho tập đoàn địa ốc nợ nhiều nhất thế giới này tái cơ cấu khoản nợ nước ngoài 22,7 tỉ USD trong tổng số nợ lên tới hơn 300 tỉ USD",Refuted,NEI,Số liệu / thời gian,"Statement nêu khoản nợ nước ngoài 52,7 tỉ USD, còn Evidence nêu 22,7 tỉ USD. Hai số mâu thuẫn trực tiếp nên nhãn đúng là Refuted.",Mô hình nhận ra cùng chủ đề nợ nhưng không so khớp chính xác hai giá trị gần giống nhau.,Giữ số và dấu thập phân; dùng bigram để gắn giá trị với cụm ‘nợ nước ngoài’.,1198
"Lốc xoáy cũng đã được ghi nhận tại các bang lân cận như Tennessee, Illinois và California.","Cơ quan dự báo thời tiết Mỹ cho biết cảnh báo lốc xoáy đã công bố tại các bang lân cận Tennessee, Illinois và Iowa.",Refuted,NEI,Tương đồng từ vựng cao,"Statement nêu bang California, trong khi Evidence liệt kê Iowa cùng Tennessee và Illinois. Địa danh khác nhau tạo mâu thuẫn nên nhãn đúng là Refuted.",Phần lớn câu giống nhau; TF-IDF không hiểu California và Iowa là hai thực thể thay thế cho cùng một vị trí trong danh sách.,Giữ nguyên tên riêng và dùng bigram; kiểm tra các lỗi thay thế một thực thể trong câu có độ trùng cao.,498
"Cơ quan cảnh sát điều tra Công an TPHCM đã ra quyết định trả tự do cho 5 nữ tiếp viên hàng không ngày 22/3 và khởi tố vụ án ""vận chuyển trái phép chất ma tuý"" để điều tra, làm rõ bản chất vụ việc, xử lý nghiêm các đối tượng có liên quan theo quy định.","ngày 22/3, Cơ quan cảnh sát điều tra Công an TPHCM đã ra quyết định trả tự do cho 4 nữ tiếp viên hàng không và khởi tố vụ án ""vận chuyển trái phép chất ma tuý"" để điều tra, làm rõ bản chất vụ việc, xử lý nghiêm các đối tượng có liên quan theo quy định.",Refuted,NEI,Số liệu / thời gian,"Statement nói 5 nữ tiếp viên được trả tự do, còn Evidence nói 4 người. Số lượng mâu thuẫn trực tiếp nên nhãn đúng là Refuted.",Chỉ một chữ số khác nhau trong câu rất dài khiến tín hiệu mâu thuẫn bị các từ giống nhau lấn át.,"Không xóa số; dùng bigram và giữ cụm ‘4 nữ’, ‘5 nữ’.",1364
Hạ nghị sĩ thuộc đảng Cộng hòa nói TikTok mặc dù thiết kế giảm thiểu tác hại cho trẻ em nhưng lại gây nghiện cho trẻ để kiếm lợi nhuận.,"Hạ nghị sĩ Kathy Castor thuộc đảng Dân chủ nói: “TikTok có thể thiết kế để giảm thiểu tác hại đối với trẻ em, nhưng công ty lại chọn gây nghiện cho trẻ em vì lợi nhuận”.",Refuted,NEI,Tương đồng từ vựng cao,"Statement gán phát ngôn cho Hạ nghị sĩ Cộng hòa, còn Evidence xác định Kathy Castor thuộc đảng Dân chủ. Thuộc tính của người phát ngôn mâu thuẫn nên là Refuted.","Hầu hết nội dung trích dẫn trùng nhau, còn khác biệt về đảng phái chỉ chiếm rất ít từ.",Giữ tên riêng và cụm đảng phái; dùng bigram để hạn chế việc độ trùng toàn câu lấn át một thuộc tính quan trọng.,131
"Cô đi công tác hơn 25 quốc gia trong nhiệm kỳ của mình, Karolina Bielawska được ban tổ chức cuộc thi Hoa hậu Thế giới ở nhiều quốc gia yêu mến.",Cô cũng là một trong những hoa hậu đi công tác nhiều nhất trong nhiệm kỳ khi đặt chân tới hơn 20 quốc gia. Karolina Bielawska được ban tổ chức cuộc thi Hoa hậu Thế giới ở nhiều quốc gia yêu mến,Refuted,NEI,Số liệu / thời gian,"Statement nói hơn 25 quốc gia, trong khi Evidence nói hơn 20 quốc gia. Hai ngưỡng số lượng khác nhau nên nhãn đúng là Refuted theo nhãn dữ liệu.",Mô hình nhận ra cùng người và cùng sự kiện nhưng không phân biệt tốt hai con số gần nhau.,Giữ số và từ so sánh ‘hơn’; thử bigram cho cụm số lượng.,976
Các ngân hàng đối thủ của Deutsche Bank đều có giá cổ phiếu tăng.,"Cổ phiếu của ngân hàng Đức Commerzbank, đối thủ của Deutsche Bank, giảm 9% trong khi cổ phiếu của Credit Suisse, Societe Generale và UBS sụt hơn 7%. Cổ phiếu của Barclays và BNP Paribas cũng mất 6% trong phiên cuối tuần.",Refuted,NEI,Phủ định / đối nghĩa,"Statement nói cổ phiếu các ngân hàng đối thủ tăng, còn Evidence nói tất cả các cổ phiếu được nêu đều giảm hoặc mất giá. Quan hệ đối nghĩa trực tiếp nên là Refuted.",TF-IDF nhận diện tên ngân hàng nhưng không biểu diễn tốt cặp động từ trái nghĩa ‘tăng–giảm’. Liệt kê dài cũng làm tín hiệu bị phân tán.,"Giữ các động từ xu hướng; dùng bigram và xem trọng số của ‘tăng’, ‘giảm’, ‘mất’.",88
"Giám đốc Ban quản lý dự án giao thông Khánh Hoà lên tiếng về việc mái tôn, vật liệu xây dựng có thể gây tai nạn mặc dù một số khu vực đã được rào lưới, trải nhựa.",". Mái tôn, vật liệu xây dựng nằm sát khu vực đi lại của người dân. Một số đoạn đường chưa được trải nhựa dễ trơn trượt và tai nạn. Một số khu vực tại công trình nút giao chưa được rào lưới. Ông Đặng Hữu Tài, Giám đốc Ban quản lý dự án giao thông Khánh Hoà, cho biết đã nhiều lần kiểm tra và gửi văn bản nhắc nhở và chấn chỉnh chủ đầu tư đảm bảo an toàn khi thi công.",Refuted,NEI,Phủ định / đối nghĩa,"Statement nói một số khu vực đã rào lưới và trải nhựa, còn Evidence nói chưa được rào lưới và chưa được trải nhựa. Vì phủ định bị đảo, nhãn đúng là Refuted.","Nếu từ ‘chưa’ có trọng số thấp hoặc đứng xa danh từ, TF-IDF dễ chỉ nhìn thấy các cụm rào lưới/trải nhựa giống nhau.","Tuyệt đối không xóa từ phủ định; dùng bigram như ‘chưa được’, ‘được rào’.",693
"Viện Nghiên cứu nông nghiệp xác nhận vaccine NAVET-ASFVAC không đảm bảo an toàn, không nên thử nghiệm trên diện rộng.","Sau nhiều lần thử nghiệm trong phòng thí nghiệm và được đánh giá kỹ lưỡng bởi các hội đồng khoa học, tháng 5/2022, Viện Nghiên cứu nông nghiệp thuộc Bộ Nông nghiệp Hoa Kỳ đã có thư chính thức gửi Cục Thú y Việt Nam xác nhận vaccine NAVET-ASFVAC bảo đảm an toàn, hiệu lực. Hiện nay, Việt Nam đang thử nghiệm trên diện rộng, làm cơ sở chuẩn bị cho các bước hoàn thiện cuối cùng để đưa vaccine vào thương mại hóa.",Refuted,NEI,Phủ định / đối nghĩa,"Statement nói vaccine không an toàn và không nên thử nghiệm rộng, còn Evidence xác nhận vaccine an toàn, có hiệu lực và đang được thử nghiệm diện rộng. Đây là mâu thuẫn trực tiếp nên là Refuted.",Nhiều từ chủ đề trùng nhau trong khi phủ định ‘không’ quyết định toàn bộ ý nghĩa.,"Không đưa ‘không’, ‘chưa’ vào stopwords; dùng bigram như ‘không an toàn’, ‘bảo đảm an toàn’.",307
"Uy tín và vị thế của Việt Nam ngày càng cao trên trường quốc tế, tuy nhiên vẫn chưa đủ để thu hút các nhà đầu tư.","""Hơn bao giờ hết Việt Nam đang là điểm đến hấp dẫn của các nhà đầu tư. Chúng ta đã tham gia vào nhiều cơ chế quan trọng của Liên Hợp Quốc, các diễn đàn đa phương. Uy tín, vị thế của đất nước ngày càng cao trên trường quốc tế. Việt Nam cũng là cầu nối, cửa ngõ tiếp cận với các thị trường lớn trên thế giới thông qua các hiệp định thương mại tự do thế hệ mới"",",Refuted,NEI,Phủ định / đối nghĩa,"Statement nói uy tín vẫn chưa đủ để thu hút nhà đầu tư, còn Evidence khẳng định Việt Nam đang là điểm đến hấp dẫn. Hai đánh giá trái ngược nên nhãn đúng là Refuted.","Mô hình nhận thấy các từ uy tín, Việt Nam, nhà đầu tư nhưng không hiểu đối lập giữa ‘chưa đủ’ và ‘hấp dẫn’.","Giữ phủ định và dùng bigram cho ‘chưa đủ’, ‘điểm đến hấp dẫn’.",721
Điều phối viên Truyền thông Chiến lược của Hội đồng An ninh Quốc gia Nhà Trắng John Kirby nói rằng Washington hiện đã có chứng cứ về việc vũ khí hạt nhân của Nga được triển khai ở Belarus.,"Điều phối viên Truyền thông Chiến lược của Hội đồng An ninh Quốc gia Nhà Trắng John Kirby trước đó cũng nói rằng, Washington hiện chưa thấy bằng chứng nào về việc vũ khí hạt nhân của Nga được triển khai ở Belarus.",Refuted,NEI,Phủ định / đối nghĩa,"Statement nói Washington đã có chứng cứ, còn Evidence nói chưa thấy bằng chứng. Phủ định làm hai câu mâu thuẫn trực tiếp nên nhãn đúng là Refuted.","Độ trùng từ gần như tuyệt đối; nếu ‘chưa’ không được coi trọng, mô hình dễ dự đoán NEI hoặc Supported.","Giữ từ phủ định; dùng bigram ‘chưa thấy’, ‘có chứng cứ/bằng chứng’.",53
"Nhiều ngôi sao Hoa ngữ cũng gặp trường hợp như Đô Mỹ Trúc, ảnh khác xa đời thật ví dụ như Lưu Diệc Phi bị chê quá gầy, thô khác với hình ảnh thon thả, dịu dàng đã đăng tải.","Không chỉ Đô Mỹ Trúc, nhiều ngôi sao Hoa ngữ cũng bị “bóc” nhan sắc khác xa một trời một vực vì chỉnh sửa quá đà. Gần đây, Lưu Diệc Phi bị chê béo, thô khác với hình ảnh thon thả do phòng làm việc đăng tải.",Refuted,Supported,Tương đồng từ vựng cao,"Statement mô tả Lưu Diệc Phi quá gầy, còn Evidence nói cô bị chê béo. Hai đặc điểm đối lập nên nhãn đúng là Refuted.","Toàn bộ ngữ cảnh và thực thể trùng nhau, chỉ tính từ mô tả khác biệt nên tín hiệu mâu thuẫn yếu.",Giữ tính từ mô tả và dùng bigram; kiểm tra trọng số của các cặp đối nghĩa như ‘gầy–béo’.,163
Khoản tài trợ mới không đủ thể hiện rõ cam kết của Hoa Kỳ với Việt Nam khi hai nước đang hướng tới kỷ niệm 10 năm thiết lập quan hệ đối tác toàn diện.,"Theo USAID, khoản tài trợ mới này, thể hiện rõ cam kết của Hoa Kỳ với Việt Nam khi hai nước đang hướng tới kỷ niệm 10 năm thiết lập quan hệ đối tác toàn diện trong năm 2023.",Refuted,Supported,Phủ định / đối nghĩa,"Statement nói khoản tài trợ không đủ thể hiện cam kết, còn Evidence nói khoản tài trợ thể hiện rõ cam kết. Phủ định tạo mâu thuẫn trực tiếp nên là Refuted.","Câu gần như giống nhau và chỉ khác cụm phủ định, nên mô hình bị độ trùng từ đánh lừa.","Không xóa phủ định; dùng bigram như ‘không đủ’, ‘thể hiện rõ’.",387
"Việc thi công cầu đã dừng từ năm 2019 đến nay khi đã đạt hơn 40% khối lượng do không được bố trí vốn, hiện công trình đã cơ bản hoàn thành phần cầu dẫn, trụ tháp, Tổng công ty đầu tư phát triển đường cao tốc Việt Nam (VEC) đề nghị Bộ Giao thông Vận tải làm việc với nhà tài trợ JICA về kế hoạch lựa chọn nhà thầu mới để tái khởi động công trình này.","Do không được bố trí vốn, việc thi công cầu đã dừng từ năm 2019 đến nay, khi đã đạt hơn 80% khối lượng. Hiện, công trình đã cơ bản hoàn thành phần cầu dẫn, trụ tháp Tổng công ty đầu tư phát triển đường cao tốc Việt Nam (VEC) đề nghị Bộ Giao thông Vận tải làm việc với nhà tài trợ JICA về kế hoạch lựa chọn nhà thầu mới để tái khởi động công trình này.",Refuted,Supported,Số liệu / thời gian,"Statement nói công trình đạt hơn 40% khối lượng, còn Evidence nói hơn 80%. Hai tỷ lệ mâu thuẫn nên nhãn đúng là Refuted.",Phần còn lại của câu rất dài và giống nhau làm khác biệt 40%–80% bị lấn át.,Giữ số và ký hiệu phần trăm; dùng bigram gắn tỷ lệ với ‘khối lượng’.,1287
Sau khi gây án 3 đối tượng đã ra công an đầu thú.,"Gây án xong, nhóm đối tượng gồm 3 nam thanh niên đã bỏ trốn bằng xe máy đi về hướng tỉnh Thái Nguyên.",Refuted,Supported,Tương đồng từ vựng cao,"Statement nói ba đối tượng ra đầu thú, còn Evidence nói họ bỏ trốn bằng xe máy. Hai hành động trái ngược nên nhãn đúng là Refuted.",Mô hình chỉ nhận ra ‘gây án’ và ‘3 đối tượng’ mà không nắm được khác biệt quan hệ hành động sau đó.,"Dùng bigram cho cụm động từ ‘ra đầu thú’, ‘bỏ trốn’; giữ thứ tự từ.",680
"Đạo luật có tên AB2596, do nghị viên Evan Low, một người gốc Việt Nam thuộc đảng Dân chủ bảo trợ, được công nhận Tết Âm lịch là một ngày lễ của tiểu bang miền Tây này.","Đạo luật có tên AB2596, do nghị viên Evan Low, một người gốc Hoa thuộc đảng Dân chủ bảo trợ, công nhận Tết Âm lịch là một ngày lễ của tiểu bang miền Tây này.",Refuted,Supported,Tương đồng từ vựng cao,"Statement nói nghị viên Evan Low là người gốc Việt Nam, còn Evidence nói ông là người gốc Hoa. Thuộc tính nguồn gốc mâu thuẫn nên nhãn đúng là Refuted.",Chỉ một cụm thực thể khác trong câu gần như trùng hoàn toàn khiến mô hình dự đoán Supported.,Giữ tên riêng và cụm chỉ nguồn gốc; dùng bigram để giảm ảnh hưởng của độ trùng toàn câu.,1201
"Ngày 25/3, Công an đã triệu tập người đàn ông là chồng của cô giáo chủ nhiệm của một học lớp 6 trên địa bàn để làm rõ hành vi dâm ô với em, theo thông tin trước đó em được ba mẹ tin tưởng cho ngủ lại nhà cô giáo, nhưng sau đó lại xảy ra sự việc này.","Do bận việc, cha mẹ một nữ sinh lớp 5 tin tưởng gửi con tại nhà cô giáo chủ nhiệm nhưng em đã bị chồng của cô giáo có hành vi dâm ô. Ngày 25-3, Công an đã triệu tập người đàn ông là chồng của nữ giáo viên một trường tiểu học trên địa bàn để làm rõ hành vi dâm ô",Refuted,Supported,Số liệu / thời gian,"Statement nói nữ sinh lớp 6, còn Evidence nói nữ sinh lớp 5. Khối lớp mâu thuẫn trực tiếp nên nhãn đúng là Refuted.",Câu dài có nhiều chi tiết trùng nhau; khác biệt ở một chữ số nhỏ bị lấn át.,"Không xóa số; dùng bigram ‘lớp 5’, ‘lớp 6’.",148
"Một phụ huynh có con học tại trường Việt Úc nhận cuộc gọi trong nagy 3-3 tự xưng thầy giáo và lừa chuyển khoản 100 triệu đồng vì ""con bị chấn thương sọ não cần mổ gấp""","một phụ huynh có con học tại trường Việt Úc nhận cuộc gọi tự xưng thầy giáo và lừa chuyển khoản 70 triệu đồng vì ""con bị chấn thương sọ não cần mổ gấp"". ngày 3-3,",Refuted,Supported,Số liệu / thời gian,"Statement nói phụ huynh chuyển 100 triệu đồng, còn Evidence nói 70 triệu đồng. Số tiền mâu thuẫn nên nhãn đúng là Refuted.",Nội dung lừa đảo và thời gian trùng nhau khiến mô hình bỏ qua khác biệt số tiền.,Giữ số và đơn vị tiền; dùng bigram gắn ‘triệu đồng’ với giá trị.,198
Liz là thành viên của IVE sinh vào năm 2005.,"Liz tên thật là Kim Ji Won, sinh năm 2004. Liz - giọng ca chính của nhóm.",Refuted,Supported,Số liệu / thời gian,"Statement nói Liz sinh năm 2005, còn Evidence nói năm 2004. Năm sinh mâu thuẫn trực tiếp nên nhãn đúng là Refuted.",TF-IDF xem các token năm là từ độc lập và có thể không học đủ trọng số cho khác biệt duy nhất này.,Không xóa năm; dùng bigram cho ‘sinh năm 2004/2005’.,609
"Với điều kiện lãi suất tăng và thị trường vốn ổn định, Masan sẽ thực thi các chiến lược nhằm tiếp tục tối ưu hóa bẳng cân đối kế toán, giải chi phí lãi vay và giảm nợ.","Khi lãi suất giảm và thị trường vốn ổn định, ban điều hành Masan sẽ tiếp tục tối ưu hóa bảng cân đối kế toán, giảm chi phí lãi vay và giảm nợ thông qua các bước thực thi chiến lược trong thời gian sắp tới.",Refuted,Supported,Phủ định / đối nghĩa,"Statement đặt điều kiện lãi suất tăng, còn Evidence đặt điều kiện lãi suất giảm. Hai điều kiện đối nghĩa nên nhãn đúng là Refuted.","Phần chiến lược phía sau gần như trùng, làm cặp từ trái nghĩa ‘tăng–giảm’ bị lấn át.","Giữ từ chỉ xu hướng; dùng bigram ‘lãi suất tăng’, ‘lãi suất giảm’.",972
"Công ty Khang Minh bất ngờ tuyên bố lại thông điệp Công ty Sen Vàng vi phạm sở hữu trí tuệ, trước đó cuối năm 2022, công ty này đã đổi tên cuộc thi hoa hậu do mình tổ chức vào phút cuối.","Công ty Minh Khang bất ngờ tuyên bố lại thông điệp Công ty Sen Vàng vi phạm sở hữu trí tuệ Cuối năm 2022, Công ty Minh Khang đổi tên cuộc thi hoa hậu do mình tổ chức vào phút cuối,",Refuted,Supported,Tương đồng từ vựng cao,"Statement gọi công ty là Khang Minh, còn Evidence dùng tên Minh Khang. Đây là hai chuỗi tên khác thứ tự và theo nhãn dữ liệu tạo mâu thuẫn, nên nhãn đúng là Refuted.","Các token ‘Minh’ và ‘Khang’ đều xuất hiện nên unigram coi hai tên gần như giống hệt nhau, dù thứ tự đổi.",Dùng bigram để giữ thứ tự trong tên riêng; không chỉ dùng unigram.,1026
"Chiếc Porsche tiếp tục va chạm với hai xe máy khác khiến họ bị thương nhẹ, tài xế không bị thương.","Chiếc Porsche tiếp tục va chạm với hai xe máy khiến hai người bị thương nhẹ, Tài xế không bị thương",Supported,NEI,Tương đồng từ vựng cao,"Evidence diễn đạt trực tiếp cùng sự kiện: Porsche va chạm hai xe máy, hai người bị thương nhẹ và tài xế không bị thương. Vì nội dung tương đương, nhãn đúng là Supported.","Dù từ vựng trùng cao, cách dùng đại từ ‘họ’ thay cho ‘hai người’ có thể làm mô hình không tích lũy đủ tín hiệu cho Supported.",Dùng unigram + bigram và giữ đại từ; kiểm tra trọng số của các cụm diễn đạt tương đương.,1389
Mạng di động 4G chuẩn bị ra mắt trên Mặt trăng trong năm 2023 do Nokia thực hiện.,"Hãng viễn thông Phần Lan Nokia cho biết đang chuẩn bị ra mắt mạng di động 4G trên Mặt trăng, một bước tiến nữa cho sự hiện diện của con người bên 'chị Hằng'.",Supported,NEI,Số liệu / thời gian,Evidence xác nhận Nokia chuẩn bị ra mắt mạng 4G trên Mặt trăng; nhãn dữ liệu là Supported. Chi tiết năm 2023 chỉ xuất hiện trong Statement nên cần ghi chú khi thảo luận chất lượng Evidence.,Mô hình có thể coi mốc năm không xuất hiện ở Evidence là thông tin thiếu và chuyển sang NEI.,"Giữ năm trong preprocessing; khi báo cáo, nêu rõ đây là trường hợp Evidence hỗ trợ ý chính nhưng không lặp lại toàn bộ mốc thời gian.",698
Hệ thống kho hàng của nhà máy được quản trị thông mình bằng phần mềm WMS và hàng hóa được vận chuyển bằng robot AGV.,"robot AGV vận chuyển hàng hóa Ứng dụng phần mềm WMS hệ thống kho hàng của nhà máy được đồng bộ với quy trình quản trị thông minh,",Supported,NEI,Tương đồng từ vựng cao,"Evidence chứa cả hai ý: phần mềm WMS quản trị kho và robot AGV vận chuyển hàng hóa. Statement chỉ sắp xếp lại các cụm từ, nên nhãn đúng là Supported.",Evidence có trật tự từ rời và dấu phẩy không chuẩn; unigram/bigram có thể tạo mẫu bề mặt khác Statement.,"Giữ dấu phân cách hợp lý và thử bigram; chuẩn hóa khoảng trắng nhưng không làm mất từ khóa WMS, AGV.",1101
Nhân viên trường Đại học Công nghiệp TP HCM cứ vào khoảng 14h mỗi ngày sẽ dùng vòi phun nước từ hệ thống phòng cháy chữa cháy (PCCC) để làm mát bãi xe máy sinh viên.,"Khoảng 14h mỗi ngày, nhân viên trường Đại học Công nghiệp TP HCM dùng vòi phun nước từ hệ thống phòng cháy chữa cháy (PCCC) để làm mát bãi xe máy sinh viên.",Supported,NEI,Tương đồng từ vựng cao,"Evidence nêu đúng thời gian khoảng 14h, chủ thể, hành động dùng vòi PCCC và mục đích làm mát bãi xe sinh viên. Vì vậy nhãn đúng là Supported.","Câu gần như tương đương nhưng mô hình vẫn nghiêng NEI, cho thấy trọng số học được chưa ổn định với cách sắp xếp cụm từ.",Dùng unigram + bigram và xem các đặc trưng có trọng số cao của lớp NEI để phát hiện từ gây nhiễu.,231
Meta kiến nghị Việt Nam có chính sách thu hút đầu tư công nghệ nước ngoài và tạo điều kiện giúp các DN bước ra thế giới.,"vào thời điểm này, Chính phủ Việt Nam không chỉ cần đưa ra các chính sách thu hút đầu tư công nghệ nước ngoài mà còn phải tạo được môi trường tốt nhất có thể, giúp các DN vừa và nhỏ, DN siêu nhỏ bước ra thế giới. ông có đưa ra những kiến nghị nào liên quan đến chính sách của Việt Nam cho các dịch vụ nội dung số xuyên biên giới?",Supported,NEI,Câu dài / nhiều mệnh đề,Evidence nêu kiến nghị Chính phủ vừa thu hút đầu tư công nghệ nước ngoài vừa tạo môi trường giúp doanh nghiệp bước ra thế giới. Statement tóm lược đúng hai ý nên là Supported.,"Evidence gồm câu trả lời và câu hỏi nối nhau, nhiều mệnh đề và chủ thể ẩn; TF-IDF khó gắn kiến nghị với Meta.",Giữ dấu câu để phân tách mệnh đề; dùng bigram và làm sạch phần khoảng trắng nhưng không xóa nội dung.,385
HLV Troussier cũng thấy rằng U23 Việt Nam hiện tại vô cùng thất thế về mặt thể hình vì dàn cầu thủ ít người cao trên 1m80.,"HLV Troussier cũng thấy rằng U23 Việt Nam hiện tại vô cùng thất thế về mặt thể hình Dàn cầu thủ, nhất là các hậu vệ ít người cao trên 1m80",Supported,NEI,Quan hệ nhân quả / quan hệ,"Evidence nói U23 Việt Nam thất thế về thể hình và giải thích rằng dàn cầu thủ, nhất là hậu vệ, ít người cao trên 1m80. Statement diễn đạt đúng quan hệ này nên là Supported.",Mô hình thấy hai mệnh đề nhưng không biểu diễn tốt quan hệ giải thích giữa ‘thất thế’ và ‘ít người cao’.,"Giữ từ nối ‘vì’ và dùng bigram cho ‘thất thế thể hình’, ‘cao trên’.",606
"Người dự tuyển phải trải qua tập huấn tối thiểu 12 tháng, đồng thời đối với đăng kiểm viên bậc cao phải có 36 tháng kinh nghiệm.","Người dự tuyển phải trải qua tập huấn tối thiếu 12 tháng, Với đăng kiểm viên bậc cao phải có 36 tháng kinh nghiệm.",Supported,NEI,Số liệu / thời gian,Evidence xác nhận hai điều kiện: tập huấn tối thiểu 12 tháng và đăng kiểm viên bậc cao có 36 tháng kinh nghiệm. Statement khớp nên là Supported.,Nhiều con số và lỗi chính tả ‘tối thiếu’ trong Evidence có thể làm các cụm n-gram không khớp.,Giữ số; chuẩn hóa Unicode/khoảng trắng và dùng kết hợp unigram với bigram để giảm ảnh hưởng của lỗi chính tả nhỏ.,178
"Sự kéo dài của cuộc đình công tại Pháp đã khiến cho nhiều nhà máy lọc dầu gặp gián đoạn, dẫn đến một số trạm xăng thiếu nhiên liệu trầm trọng.","Diễn biến trong cuộc đình công tại Pháp kéo dài đến ngày thứ 16, trong đó, nhiều nhà máy lọc dầu gặp gián đoạn, khiến một số trạm xăng thiếu nhiên liệu trầm trọng.",Supported,NEI,Quan hệ nhân quả / quan hệ,"Evidence nói đình công kéo dài làm nhiều nhà máy lọc dầu gián đoạn, khiến một số trạm xăng thiếu nhiên liệu. Statement giữ nguyên chuỗi nguyên nhân–kết quả nên là Supported.","TF-IDF không mã hóa trực tiếp chuỗi quan hệ ‘kéo dài → gián đoạn → thiếu nhiên liệu’, nên có thể dự đoán NEI dù từ khóa đều có.","Giữ từ quan hệ ‘khiến’, ‘dẫn đến’; dùng bigram để biểu diễn các cặp nguyên nhân–kết quả.",1181
Trấn Thành bị nhận xét là còn quá trẻ nên tạo hình và diễn xuất vào vai Ba Phi không được bằng nghệ sĩ Mạc Can từng thể hiện trong bản truyền hình.,"Nhiều người nhận xét rằng chồng Hari Won khó có thể toát lên hình ảnh ông già chất phác, hóm hỉnh mà nghệ sĩ Mạc Can từng thể hiện thành công trong phiên bản phim truyền hình. Chưa dừng lại ở đó, có ý kiến cho rằng Trấn Thành còn khá trẻ nên về tạo hình cũng khó có thể thuyết phục được người xem.",Supported,NEI,Câu dài / nhiều mệnh đề,"Evidence cho biết Trấn Thành bị nhận xét còn trẻ, khó thuyết phục về tạo hình và khó bằng hình tượng Ba Phi do Mạc Can thể hiện. Statement tóm lược đúng nên là Supported.",Thông tin cần ghép từ hai câu Evidence và liên hệ ‘chồng Hari Won’ với Trấn Thành; mô hình tuyến tính khó tổng hợp các mệnh đề.,Giữ dấu câu; dùng bigram và ghi nhận đây là giới hạn khi thông tin hỗ trợ phân tán qua nhiều câu.,1065
"Trong tháng 5/2023 tại Indonesia, nước Chủ tịch ASEAN, Hội nghị Cấp cao ASEAN lần thứ 42 và các Hội nghị Bộ trưởng Ngoại giao sẽ được diễn ra.","Hội nghị Cấp cao ASEAN lần thứ 42 và các Hội nghị Bộ trưởng Ngoại giao diễn ra trong tháng 5/2023 tại Indonesia, nước Chủ tịch ASEAN",Supported,NEI,Tương đồng từ vựng cao,"Evidence nêu đúng hội nghị, tháng 5/2023, Indonesia và vai trò Chủ tịch ASEAN. Statement chỉ đổi trật tự nên nhãn đúng là Supported.",Các cụm thông tin giống nhau nhưng thứ tự khác; mô hình có thể học trọng số nhiễu từ các mẫu NEI chứa cùng chủ đề.,Dùng unigram + bigram và xem trọng số đặc trưng theo lớp để tìm từ gây nhiễu.,1081
"Chất lượng xét xử và giải quyết các vụ án, vụ việc có nhiều tiến bộ với tỉ lệ án bị hủy, sửa do nguyên nhân chủ quan chỉ còn 1,5%.","chất lượng xét xử và giải quyết các vụ án, vụ việc có nhiều tiến bộ Tỉ lệ các bản án bị hủy, sửa do nguyên nhân chủ quan được hạn chế ở mức thấp, dưới 1,5%.",Supported,Refuted,Số liệu / thời gian,"Evidence nói tỷ lệ án bị hủy, sửa do nguyên nhân chủ quan ở mức dưới 1,5%; Statement tóm lược là chỉ còn 1,5%. Theo nhãn dữ liệu, đây là Supported.","Mô hình có thể xem khác biệt giữa ‘dưới 1,5%’ và ‘1,5%’ là mâu thuẫn số học nên dự đoán Refuted.","Giữ số và ký hiệu phần trăm; khi báo cáo, ghi rõ cách diễn đạt xấp xỉ/ngưỡng là điểm khó của baseline.",308
Cuba tuyên bố quốc tang để tri ân những người đã hy sinh trong vụ hoả hoạn tại kho chứa nhiên liệu bên vịnh Matanzas.,"Cuba đã tuyên bố quốc tang và treo cờ rủ trong hai ngày 18 và 19/8 để tri ân những người đã ngã xuống khi làm nhiệm vụ trong thảm họa nói trên. hơn 15.000 người dân Cuba đã tới Bảo tàng Lính cứu hỏa tỉnh Matanzas để đặt nến, hoa và ảnh tưởng nhớ 16 người đã hy sinh trong vụ hỏa hoạn xảy ra tại kho chứa nhiên liệu lớn nhất cả nước. vụ hỏa hoạn xảy ra tại kho chứa nhiên liệu bên vịnh Matanzas Cuba đã tuyên bố quốc tang và treo cờ rủ trong hai ngày 18 và 19/8 để tri ân những người đã ngã xuống khi làm nhiệm vụ trong thảm họa cháy kho kho nhiên liệu bên vịnh Matanzas",Supported,Refuted,Câu dài / nhiều mệnh đề,Evidence xác nhận Cuba tuyên bố quốc tang để tưởng niệm người hy sinh trong vụ cháy kho nhiên liệu bên vịnh Matanzas. Statement tóm lược đúng nên là Supported.,"Evidence dài, lặp lại thông tin và có nhiều chi tiết ngày tháng, khiến tín hiệu hỗ trợ bị phân tán.","Chuẩn hóa khoảng trắng; giữ dấu câu và dùng bigram, đồng thời giới hạn đặc trưng bằng cấu hình đã chọn trên Dev.",1289
"Bà Vũ Thu Hà, Giám đốc Sở Nội vụ được bầu làm Phó Chủ tịch UBND Thành phố nhiệm kỳ 2021-2026 vào ngày 10/3.","Sáng 10/3, tại kỳ họp thứ 11 (kỳ họp chuyên đề), HĐND TP. Hà Nội đã bầu bà Vũ Thu Hà, Giám đốc Sở Nội vụ làm Phó Chủ tịch UBND Thành phố nhiệm kỳ 2021-2026",Supported,Refuted,Tương đồng từ vựng cao,"Evidence nêu đúng bà Vũ Thu Hà, chức vụ cũ, chức vụ mới, nhiệm kỳ và ngày 10/3. Statement tương đương nên là Supported.","Câu gần như khớp hoàn toàn nhưng mô hình dự đoán Refuted, cho thấy một vài đặc trưng như chức danh/ngày có thể mang trọng số sai từ Train.",Kiểm tra các từ có trọng số cao của lớp Refuted; dùng bigram cho tên và chức danh.,986
"Ukraine nói Nga đã dần đuối sức trong cuộc chiến tranh do thiếu hụt về nhân lực và vật lực, trong khi Ukraine được Mỹ tiếp tục viện trợ cho cuộc chiến này.","Ukraine nói Nga đã phải hứng chịu những tổn thất đáng kể về nhân lực lẫn khí tài nên dù hiện có tấn công liên tục nhưng đang dần mất đi khả năng tiếp tục nỗ lực này. Phát ngôn viên Hội đồng An ninh Quốc gia Mỹ John Kirby cho biết Washington ủng hộ Tổng thống Ukraine - ông Volodymyr Zelensky trong việc ưu tiên cho cuộc chiến cam go ở TP Bakhmut (tỉnh Donetsk), theo đài CNN. Theo ông Kirby, Mỹ vẫn sẽ tiếp tục đảm bảo nhà lãnh đạo Ukraine có được “những gì ông ấy cần ở bất cứ nơi nào ông ấy chọn chiến đấu”, gồm tin tình báo, vũ khí,...",Supported,Refuted,Quan hệ nhân quả / quan hệ,"Evidence nói Nga chịu tổn thất nhân lực, khí tài và dần mất khả năng tiếp tục; đồng thời Mỹ tiếp tục hỗ trợ Ukraine bằng tình báo và vũ khí. Statement tóm lược hai quan hệ này nên là Supported.","Thông tin hỗ trợ nằm ở nhiều câu và cần nối tổn thất với suy yếu, hỗ trợ với viện trợ; TF-IDF không mô hình hóa quan hệ này.","Giữ từ nối và dấu câu; dùng bigram, đồng thời nêu giới hạn của mô hình tuyến tính với suy luận qua nhiều câu.",638
"Sau thời gian dài chờ đợi, cuối cùng vào ngày 2-3 Lật mặt 6: Tấm vé định mệnh của Lý Hải đã chính thức tung trailer.","Sau thời gian dài chờ đợi, Lật mặt 6: Tấm vé định mệnh của Lý Hải đã chính thức tung trailer vào ngày 2-3.",Supported,Refuted,Tương đồng từ vựng cao,Evidence và Statement cùng nói phim Lật mặt 6 tung trailer ngày 2-3 sau thời gian chờ đợi. Nội dung chỉ đổi vị trí mốc ngày nên là Supported.,Thứ tự cụm ngày thay đổi có thể tạo bigram khác nhau; mô hình học trọng số chưa đủ ổn định.,Kết hợp unigram và bigram; giữ ngày tháng và dấu gạch.,561
"Đại diện lãnh đạo các ban của Đảng, các ủy ban của Quốc hội cũng tham dự hội nghị đối thoại với thanh niên năm 2023 với chủ đề ""Xây dựng nguồn nhân lực trẻ chất lượng cao đáp ứng kỷ nguyên 4.0"".","Dự Hội nghị còn có đại diện lãnh đạo các ban của Đảng, các ủy ban của Quốc hội, Hội nghị đối thoại với thanh niên năm 2023 với chủ đề ""Xây dựng nguồn nhân lực trẻ chất lượng cao đáp ứng kỷ nguyên 4.0",Supported,Refuted,Câu dài / nhiều mệnh đề,Evidence xác nhận đại diện các ban của Đảng và các ủy ban Quốc hội dự hội nghị đối thoại thanh niên 2023 với đúng chủ đề. Vì vậy nhãn đúng là Supported.,"Evidence là chuỗi dài, thiếu dấu đóng ngoặc kép và có nhiều danh từ tổ chức, làm tín hiệu hỗ trợ bị nhiễu.","Chuẩn hóa khoảng trắng, giữ dấu câu và dùng bigram cho tên hội nghị/chủ đề.",1118
Giải vô địch các Câu lạc bộ Muay Quốc gia năm 2023 có sự tham gia của 38 Câu lạc bộ gồm 340 vận động viên .,"Tham dự Giải có 340 vận động viên của 38 Câu lạc bộ đến từ 29 tỉnh, thành phố, ngành trên toàn quốc.",Supported,Refuted,Số liệu / thời gian,Evidence xác nhận giải có 340 vận động viên của 38 câu lạc bộ. Statement nêu đúng hai số lượng nên là Supported.,Hai con số xuất hiện ở thứ tự ngược so với Statement; mô hình có thể không gắn đúng số với danh từ nếu chỉ dùng unigram.,"Giữ số và dùng bigram như ‘340 vận động viên’, ‘38 câu lạc bộ’.",971
"Được thành lập vào năm 2015, UEF Warm Hugs Club mang sứ mệnh trao đi yêu thương, giúp đỡ những mảnh đời bất hạnh, nơi các bạn sinh viên cùng nhau phụng sự cộng đồng.","UEF Warm Hugs Club được thành lập vào năm 2015 với sứ mệnh trao gửi yêu thương, giúp đỡ những mảnh đời bất hạnh nơi các bạn sinh viên tay khoác tay, vai kề vai phụng sự cộng đồng.",Supported,Refuted,Tương đồng từ vựng cao,"Evidence xác nhận UEF Warm Hugs Club thành lập năm 2015, có sứ mệnh trao yêu thương, giúp người bất hạnh và phục vụ cộng đồng. Statement là diễn đạt tương đương nên Supported.","Các từ gần nghĩa ‘trao đi/trao gửi’, ‘cùng nhau/tay khoác tay’ làm bề mặt câu khác dù ý giống nhau.",Dùng unigram + bigram; xem xét trọng số của các từ gần nghĩa trong phần giải thích hạn chế của baseline.,1439
"Ngân hàng Trung ương châu Âu (ECB) tuần trước tăng lãi suất thêm 0,5% và nâng tổng mức lãi suất lên 3,5%.","Ngân hàng Trung ương châu Âu (ECB) tuần trước tăng lãi suất thêm 0,5% và nâng tổng mức lãi suất lên 3,5%.",Supported,Refuted,Tương đồng từ vựng cao,"Statement trùng trực tiếp với Evidence về ECB tăng lãi suất 0,5% lên 3,5%. Vì vậy nhãn đúng là Supported.","Đây là lỗi rõ của mô hình: hai chuỗi gần như giống hệt nhưng vẫn bị gán Refuted, có thể do trọng số sai liên quan đến từ ‘tăng’ hoặc các con số.",Kiểm tra pipeline và trọng số đặc trưng; bảo đảm cùng preprocessing cho Train/Dev/Test và giữ số/phần trăm.,1308
Công ty SpaceX phóng chùm vệ tinh vào quỹ đạo của Trái Đất làm số lượng vệ tinh tăng lên hơn gấp đôi so với trước 2019.,"Trong loạt bài nghiên cứu đăng trên tạp chí Nature Astronomy, các nhà thiên văn học quốc tế cho biết số lượng vệ tinh trên quỹ đạo thấp của Trái đất đã tăng hơn gấp đôi kể từ năm 2019 khi Công ty SpaceX của Mỹ tiến hành vụ phóng ""chùm vệ tinh"" quy mô lớn lần đầu tiên gồm hàng nghìn vệ tinh.",Supported,Refuted,Quan hệ nhân quả / quan hệ,"Evidence nói số vệ tinh quỹ đạo thấp đã tăng hơn gấp đôi kể từ 2019, gắn với vụ phóng chùm vệ tinh quy mô lớn đầu tiên của SpaceX. Statement tóm lược đúng quan hệ nên là Supported.","Mô hình phải nối mốc 2019, hành động phóng của SpaceX và kết quả số vệ tinh tăng; bag-of-words không biểu diễn tốt quan hệ này.","Giữ mốc năm, từ quan hệ và dùng bigram; nêu rõ giới hạn suy luận quan hệ của TF-IDF + Logistic Regression.",723
