claim_id,claim_index,statement,retrieved_evidence,gold_label,predicted_label,is_correct,error_type,failure_reason
dev_3747,3747,"Mức điểm đạt của môn tin học là 22,60, cao hơn năm ngoái đến 5 điểm.","Trinh Theo Cục Quản lý chất lượng, Bộ GD-ĐT, thí sinh các môn học được triệu tập tham dự kỳ thi chọn đội tuyển Olympic năm 2023 dự kiến tổ chức trong tháng 4 nếu đạt các mức điểm cụ thể như sau: Môn toán từ 23 điểm trở lên, môn vật lý từ 17,25 trở lên, môn hóa từ 26,625 trở lên, môn sinh từ 26 điểm trở lên, môn tin học từ 22,60 điểm trở lên.",NEI,Refuted,False,Số liệu / Mốc thời gian,Câu bằng chứng truy xuất chứa số liệu khác hoặc mốc thời gian không khớp phát biểu.
dev_963,963,Nguyễn Khôi sắp tốt nghiệp lớp 12 trường THPT Nguyễn Thị Minh Khai.,"Em sắp tốt nghiệp lớp 12, dự định học ngành An toàn thông tin.",NEI,Refuted,False,Bằng chứng không liên quan (IR Noise),Hệ thống BM25/Reranker chọn câu có trùng từ khóa nhưng không chứa sự thật kiểm chứng.
dev_1218,1218,"Ở tuổi 58, Tấn Beo vẫn đi diễn cùng con trai ở các tỉnh miền Tây, miền Trung","Ở tuổi 58, Tấn Beo vẫn nhận lời mời lưu diễn ở các tỉnh miền Tây, miền Trung.",NEI,Refuted,False,Số liệu / Mốc thời gian,Câu bằng chứng truy xuất chứa số liệu khác hoặc mốc thời gian không khớp phát biểu.
dev_436,436,Chính phủ Trung Quốc đã không đáp lại lời kêu gọi của nhóm SAGO về sự minh bạch trong việc chia sẻ dữ liệu và tiến hành các cuộc điều tra cần thiết.,"“Chúng tôi tiếp tục kêu gọi TQ minh bạch trong việc chia sẻ dữ liệu, tiến hành các cuộc điều tra cần thiết và chia sẻ kết quả điều tra” - ông nói thêm.",NEI,Refuted,False,Phủ định / Đảo ngữ,Bằng chứng chứa quan hệ phủ định nhưng câu đơn lẻ làm mất hướng khẳng định.
dev_6524,6524,"Nguyễn Việt Dũng, thủ khoa Đại học Sư phạm Hà Nội là cử nhân Toán học.",Có thể được giữ lại làm giảng viên nhưng thủ khoa Đại học Sư phạm Hà Nội Nguyễn Việt Dũng về dạy học ở quê vì mong góp sức cho ngôi trường cũ.,NEI,Refuted,False,Bằng chứng không liên quan (IR Noise),Hệ thống BM25/Reranker chọn câu có trùng từ khóa nhưng không chứa sự thật kiểm chứng.
dev_6853,6853,"Tính đến năm 2019, có 53 trung tâm giam giữ người di cư hoạt động trên khắp Mexico đã bị quá tải.","Tính đến năm 2019, có 53 trung tâm giam giữ người di cư hoạt động trên khắp Mexico với tổng sức chứa chính thức là khoảng 3.000 người, theo báo cáo từ Ủy ban Nhân quyền Mexico.",NEI,Refuted,False,Số liệu / Mốc thời gian,Câu bằng chứng truy xuất chứa số liệu khác hoặc mốc thời gian không khớp phát biểu.
dev_2423,2423,Đội tuyển U20 Việt Nam đã có một khởi đầu rất tốt ở giải đấu này nhưng đáng tiếc là không thể vượt qua vòng loại khi phải đối đầu với đội bóng qua 7 lần tham dự đã từng giành 1 chức Á quân.,"(Chinhphu.vn) - Vào 17h chiều nay (1/3, giờ Việt Nam), ĐT U20 Việt Nam bước vào cuộc so tài đầu tiên tại vòng bảng Cúp Bóng đá U20 châu Á, gặp U20 Australia, đội bóng qua 7 lần tham dự đã từng giành 1 chức Á quân, 2 lần vào bán kết và 2 lần vào tứ kết.",NEI,Refuted,False,Phủ định / Đảo ngữ,Bằng chứng chứa quan hệ phủ định nhưng câu đơn lẻ làm mất hướng khẳng định.
dev_6742,6742,Các cuộc tập trận quân sự do Triều Tiên tiến hành chỉ mang tính chất phòng thủ.,"TPO - Sau khi thị sát một cuộc tập trận, nhà lãnh đạo Triều Tiên Kim Jong Un chỉ đạo quân đội tăng cường diễn tập để chuẩn bị cho “chiến tranh thực sự”, báo chí Triều Tiên đưa tin ngày 9/3.",NEI,Refuted,False,Số liệu / Mốc thời gian,Câu bằng chứng truy xuất chứa số liệu khác hoặc mốc thời gian không khớp phát biểu.
dev_4077,4077,Bộ GD&ĐT vừa có phúc đáp kiến nghị của cử tri Thanh Hóa sau khi phát hiện sự không công bằng trong học bạ.,"Bộ GD&ĐT vừa có phúc đáp kiến nghị của cử tri Thanh Hóa về việc nghiên cứu bỏ việc xét tuyển đại học qua học bạ do đang nảy sinh việc ""làm đẹp"" học bạ và ""chạy điểm"".",NEI,Refuted,False,Phủ định / Đảo ngữ,Bằng chứng chứa quan hệ phủ định nhưng câu đơn lẻ làm mất hướng khẳng định.
dev_6165,6165,"Thổng thống Florida Ron DeSantis, cùng là thành viên Đảng Cộng hòa với ông Trump, chỉ trích rằng quyết định truy tố là ""Vũ khí hóa hệ thống pháp luật để thúc đẩy một chương trình nghị sự chính trị"".","Thống đốc Florida Ron DeSantis, người được coi là đối thủ cạnh tranh hàng đầu của ông Trump cho đề cử của đảng Cộng hòa, chỉ trích rằng quyết định truy tố là ""vũ khí hóa hệ thống pháp luật để thúc đẩy một chương trình nghị sự chính trị"".",NEI,Refuted,False,Bằng chứng không liên quan (IR Noise),Hệ thống BM25/Reranker chọn câu có trùng từ khóa nhưng không chứa sự thật kiểm chứng.
dev_78,78,Hàng xóm tử vong do đạp trúng dây điện bẫy chuột của ông Long.,"(Dân trí) - Khi đi thu dây điện giăng trước đó để bẫy chuột, ông Long phát hiện hàng xóm bị điện giật tử vong.",NEI,Supported,False,Bằng chứng không liên quan (IR Noise),Hệ thống BM25/Reranker chọn câu có trùng từ khóa nhưng không chứa sự thật kiểm chứng.
dev_5784,5784,"Nhờ vào sự nỗ lực duy trì các hoạt động, củng cố tình cảm giữa các cán bộ nên Ban Liên Lạc đã được Chủ tịch nước khen thưởng.","Chủ tịch nước đánh giá cao Ban Liên lạc thời gian qua đã nỗ lực duy trì nhiều hoạt động có ý nghĩa, giúp thêm gắn kết tình cảm giữa các cựu cán bộ Đoàn để cùng sống vui, sống khỏe, sống có ích. Đặc biệt, các hoạt động đó đã góp phần bồi dưỡng, giáo dục truyền thống cách mạng, truyền cảm hứng về tinh thần dấn thân cho thế hệ trẻ cả nước.",NEI,Supported,False,Số liệu / Mốc thời gian,Câu bằng chứng truy xuất chứa số liệu khác hoặc mốc thời gian không khớp phát biểu.
dev_2549,2549,"Kết quả xử lý, bằn chứng và lời khai của các đối tượng sẽ công khai trên website của cục An toàn thực phẩm.","Theo đó, tại đường link: https://nhathuocduclan.vn/la-han-qua-tana-khong-duong-hop-24-vien; https://nhathuocduclan.vn/la-han-qua-tana-hop-24-vien-ngam, quảng cáo thực phẩm bảo vệ sức khỏe Viên ngậm ho La Hán Quả Tana và thực phẩm bảo vệ sức khỏe Viên ngậm ho La Hán Quả Tana - không đường, nội dung quảng cáo không phù hợp với Giấy xác nhận nội dung quảng cáo đã được cấp. Sản phẩm vi phạm quy định của pháp luật về quảng cáo Cục An toàn thực phẩm đang phối hợp với các cơ quan chức năng xác minh, xử lý theo quy định hiện hành. Kết quả xử lý sẽ công khai trên website của cục tại địa chỉ: https://vfa.gov.vn/ và cổng công khai y tế tại địa chỉ https://congkhaiyte.moh.gov.vn/.",NEI,Supported,False,Phủ định / Đảo ngữ,Bằng chứng chứa quan hệ phủ định nhưng câu đơn lẻ làm mất hướng khẳng định.
dev_5539,5539,"Trận mở màn chiến dịch vòng loại Euro 2024 rạng sáng 24-3, Tuyển Ý và tuyển Anh sẽ cạnh tranh vị trí tốt nhất bảng trong lần đầu tiên.","Từng đánh bại tuyển Anh ở loạt đá luân lưu trận chung kết 2 năm trước, tuyển Ý quyết giành trọn 3 điểm khi đôi bên tái ngộ ở lượt trận mở màn chiến dịch vòng loại Euro 2024 rạng sáng 24-3 Được xếp chung bảng C cùng với Malta, Bắc Macedonia và Ukraine, không khó để ghi nhận 2 ""đại gia"" Ý và Anh có nhiều cơ hội vượt qua vòng loại, xét về phương diện tương quan lực lượng bảng đấu cùng với bề dày thành tích của cả 2 ở đấu trường châu lục.",NEI,Supported,False,Số liệu / Mốc thời gian,Câu bằng chứng truy xuất chứa số liệu khác hoặc mốc thời gian không khớp phát biểu.
dev_2058,2058,Công ty MBP ở Canada đã mất 6 tháng để đúc được khuôn.,"Sau phát hiện ở Argentina, các chuyên gia về khủng long đã quét 3D từng mảnh xương riêng lẻ để tạo ra các bản sao làm từ nhựa polyester và sợi thủy tinh, chúng được gắn trên một cấu trúc thép. Một công ty ở Canada đã mất hơn 6 tháng để thực hiện công việc đúc khuôn khổng lồ, dựa trên số lượng xương hóa thạch được khai quật.",NEI,Supported,False,Số liệu / Mốc thời gian,Câu bằng chứng truy xuất chứa số liệu khác hoặc mốc thời gian không khớp phát biểu.
dev_6947,6947,"Theo Báo Tuổi trẻ Online , cơ quan CSĐT đã tiến hành khám xét nơi ở của ông Bắc ở số 45 đường Lê Thị Pha, phường 1, Thành phố Bảo Lộc, đồng thời công bố các quyết định khởi tố.","Cùng với việc công bố các quyết định khởi tố, cơ quan CSĐT cũng đã khám xét nơi ở của ông Bắc ở số 45 đường Lê Thị Pha, phường 1, Thành phố Bảo Lộc.",NEI,Supported,False,Số liệu / Mốc thời gian,Câu bằng chứng truy xuất chứa số liệu khác hoặc mốc thời gian không khớp phát biểu.
dev_6359,6359,"Ban Chỉ đạo quốc gia và Ban Chỉ đạo liên ngành hội nhập quốc tế có nhiệm vụ giúp Chỉnh phủ, Thủ tướng Chính phủ chỉ đạo triển khai các chủ trương, chính sách lớn về hội nhập quốc tế.","Bên cạnh đó, Ban Chỉ đạo có nhiệm vụ giúp Chính phủ, Thủ tướng Chính phủ chỉ đạo các bộ, cơ quan ngang bộ, cơ quan thuộc Chính phủ, UBND các tỉnh, thành phố trực thuộc Trung ương, triển khai các chủ trương, chính sách lớn về hội nhập quốc tế; giải quyết những vấn đề quan trọng, liên ngành liên quan đến hội nhập quốc tế; đồng thời giúp Chính phủ, Thủ tướng Chính phủ phối hợp, đôn đốc các bộ, cơ quan ngang Bộ, cơ quan thuộc Chính phủ, UBND các tỉnh, thành phố trực thuộc Trung ương, trong việc triển khai đồng bộ các chủ trương chính sách về hội nhập quốc tế.",NEI,Supported,False,Số liệu / Mốc thời gian,Câu bằng chứng truy xuất chứa số liệu khác hoặc mốc thời gian không khớp phát biểu.
dev_5358,5358,Dự thảo bổ sung quy định ngân hàng có thể mua trái phiếu và cổ phiếu doanh nghiệp khi hệ số nợ/vốn của chủ sỡ hữu không vượt quá 5 lần dựa trên báo cáo tài chính gần nhất đã được kiểm toán.,"Cụ thể, dự thảo bổ sung quy định ngân hàng chỉ có thể mua trái phiếu doanh nghiệp khi hệ số nợ/vốn chủ sở hữu (bao gồm cả khối lượng trái phiếu doanh nghiệp dự kiến phát hành) không vượt quá 5 lần dựa trên báo cáo tài chính gần nhất đã được kiểm toán.",NEI,Supported,False,Số liệu / Mốc thời gian,Câu bằng chứng truy xuất chứa số liệu khác hoặc mốc thời gian không khớp phát biểu.
dev_6204,6204,"Thiết bị hồng ngoại trung bình của James Webb đã đo sự thay đổi độ sáng khi hành tinh Trappist-1b di chuyển phía sau ngôi sao của nó, cho thấy nhiều nhận định khoa học đột phá.","Thiết bị hồng ngoại trung bình (MIRI) của James Webb đã đo sự thay đổi độ sáng khi hành tinh Trappist-1b di chuyển phía sau ngôi sao của nó, trong một hiện tượng được giới khoa học gọi là nhật thực thứ cấp. Nhà vật lý thiên văn Elsa Ducrot - một trong những tác giả của nghiên cứu trên - cho biết: ""Ngay trước khi bị che khuất phía sau ngôi sao, hành tinh này phát ra nhiều ánh sáng nhất, vì nó hầu như chỉ thể hiện mặt 'ban ngày' của nó"".",NEI,Supported,False,Số liệu / Mốc thời gian,Câu bằng chứng truy xuất chứa số liệu khác hoặc mốc thời gian không khớp phát biểu.
dev_2252,2252,Đề án sẽ nâng cao trình độ sản xuất lúa cũng như gia tăng giá trị lúa gạo.,(Chinhphu.vn) - Phát triển bền vững 1 triệu ha lúa chuyên canh chất lượng cao gắn với tăng trưởng xanh vùng Đồng bằng sông Cửu Long sẽ nâng cao trình độ sản xuất lúa cũng như gia tăng giá trị lúa gạo.,NEI,Supported,False,Số liệu / Mốc thời gian,Câu bằng chứng truy xuất chứa số liệu khác hoặc mốc thời gian không khớp phát biểu.
dev_3857,3857,"Tháng 10/2020, một nữ sinh THPT tại tỉnh Bắc Gyeongsang đã đệ đơn lên cơ quan chức năng, đề cập đến tình trạng áp lực về thời gian học quá nhiều và tác động tiêu cực đến sức khỏe của mình. Sau khi tiếp nhận đơn từ nữ sinh, cơ quan này đã khuyến nghị các trường cần thay đổi chính sách về giờ học của học sinh, nhằm giảm bớt áp lực và đảm bảo sự cân bằng giữa học tập và sức khỏe.","Tháng 10/2022, một nữ sinh THPT tại tỉnh Bắc Gyeongsang đã đệ đơn lên cơ quan chức năng, cho rằng các quy định liên quan đến tóc mà trường đặt ra vi phạm quyền tự do của em.",Refuted,NEI,False,Số liệu / Mốc thời gian,Câu bằng chứng truy xuất chứa số liệu khác hoặc mốc thời gian không khớp phát biểu.
dev_4284,4284,"Trưởng ban Văn hóa - Xã hội HĐND TP.HCM bà Nguyễn Thị Thu Hằng cho rằng Thông tư 55 không cấm việc thu quỹ Ban đại diện CMHS, nếu nhà trường vì áp lực không tổ chức thu quỹ cũng như triển khai việc kêu gọi tài trợ sẽ gây thiệt thòi cho HS cũng như giáo viên của trường.","Ông Cao Thanh Bình, Trưởng ban Văn hóa - Xã hội HĐND TP.HCM, cho rằng Thông tư 55 không cấm việc thu quỹ Ban đại diện CMHS, tuy nhiên vấn đề cần phải hiểu để thực hiện cho đúng.",Refuted,NEI,False,Phủ định / Đảo ngữ,Bằng chứng chứa quan hệ phủ định nhưng câu đơn lẻ làm mất hướng khẳng định.
dev_427,427,Ông Tim Noakesmith nói việc chọn thịt voi ma mút lông xoắn vì đây là biểu tượng của sự tuyệt chủng của các loài động vật trong bối cảnh thế giới đang ngày càng ô nhiễm trầm trọng.,"Ông Tim Noakesmith, nhà đồng sáng lập Vow, giải thích công ty của ông chọn thịt voi ma mút lông xoắn vì đây là biểu tượng của sự tổn thất về đa dạng sinh thái và biến đổi khí hậu.",Refuted,NEI,False,Số liệu / Mốc thời gian,Câu bằng chứng truy xuất chứa số liệu khác hoặc mốc thời gian không khớp phát biểu.
dev_6298,6298,Thời gian bà Nguyễn Phương Hằng bị tạm giam đã tròn 1 tháng trong khi 2 đến 7 năm là khung hình phạt bà có thể nhận được và bà sẽ được bảo lĩnh nếu đủ thời gian tạm giam.,"""Theo tôi, thời gian bà Nguyễn Phương Hằng bị tạm giam đến nay cũng đã tròn 1 năm, trong khi tội danh mà bà phải đối mặt với khung hình phạt từ 2 năm đến 7 năm tù.",Refuted,NEI,False,Số liệu / Mốc thời gian,Câu bằng chứng truy xuất chứa số liệu khác hoặc mốc thời gian không khớp phát biểu.
dev_4203,4203,Đề án đặt mục tiêu đến năm 2020 hoàn thành xử lý toàn bộ hồ sơ tồn đọng trên địa bàn tỉnh Thanh Hóa.,"Tỉnh Thanh Hóa cần khoảng 300 tỷ đồng để hoàn thành xử lý 29.000 m tài liệu tồn đọng từ 1945 đến 2020, theo dự thảo đề án đang được xem xét.",Refuted,NEI,False,Số liệu / Mốc thời gian,Câu bằng chứng truy xuất chứa số liệu khác hoặc mốc thời gian không khớp phát biểu.
dev_5187,5187,"Ông Nguyễn Hồng Sơn, Đại biện lâm thời Đại sứ quán Việt Nam tại Nhật Bản đánh giá việc ra đời Liên hiệp Hội có ý nghĩa hết sức to lớn góp phần giữ vai trò kết nối các hội, tổ chức của người Việt Nam tại Nhật Bản; đoàn kết, tập hợp, tổ chức cộng đồng tham gia các hoạt động chung trên tất cả các lĩnh vực cuộc sống xã hội.","Liên hiệp Hội người Việt Nam tại Nhật Bản sẽ giữ vai trò kết nối các hội, tổ chức của người Việt Nam tại Nhật Bản; đoàn kết, tập hợp, tổ chức cộng đồng tham gia các hoạt động chung trên tất cả các lĩnh vực cuộc sống xã hội.",Refuted,NEI,False,Số liệu / Mốc thời gian,Câu bằng chứng truy xuất chứa số liệu khác hoặc mốc thời gian không khớp phát biểu.
dev_1448,1448,"Trong tháng 5/2023 tại Indonesia, nước Chủ tịch ASEAN, Hội nghị Cấp cao ASEAN lần thứ 42 và các Hội nghị Bộ trưởng Ngoại giao sẽ được diễn ra sau cuộc họp lần thứ 15 Nhóm công tác Hội đồng Điều phối ASEAN.","Các quan chức cấp cao ASEAN dự hội nghị - Ảnh: BNG Các hội nghị này là bước chuẩn bị cho Hội nghị Cấp cao ASEAN lần thứ 42 và các Hội nghị Bộ trưởng Ngoại giao diễn ra trong tháng 5/2023 tại Indonesia, nước Chủ tịch ASEAN.",Refuted,NEI,False,Số liệu / Mốc thời gian,Câu bằng chứng truy xuất chứa số liệu khác hoặc mốc thời gian không khớp phát biểu.
dev_5788,5788,Tỉ phú Musk quyết định làm một cuộc thăm dò người dùng Twitter và có 60% trong số hơn 17 triệu người tham gia bình chọn muốn tỉ phú Musk rời vị trí CEO Twitter.,57% trong số hơn 17 triệu người tham gia bình chọn muốn tỉ phú Musk rời vị trí CEO Twitter.,Refuted,NEI,False,Số liệu / Mốc thời gian,Câu bằng chứng truy xuất chứa số liệu khác hoặc mốc thời gian không khớp phát biểu.
dev_1929,1929,"Mọi vấn đề liên quan đến tranh chấp đất đai và đền bù cho các hộ dân bị ảnh hưởng đã được giải quyết xong, dự án Đại lộ Bắc - Nam phía Đông đang triển khai thuận lợi.","Từ đó, làm ảnh hưởng đến công tác tổ chức thi công theo kế hoạch. Cao tốc Bắc - Nam phía Đông, giai đoạn 2021-2025 đoạn qua địa bàn tỉnh Hậu Giang hiện còn 20 đoạn tuyến mặt bằng ""xôi đỗ"" và vướng đường tiếp cận nên chưa triển khai thi công được, tổng chiều dài hơn 10,5km.",Refuted,NEI,False,Số liệu / Mốc thời gian,Câu bằng chứng truy xuất chứa số liệu khác hoặc mốc thời gian không khớp phát biểu.
dev_5795,5795,"Ngân hàng Thung lũng Silicon (SCB), đối tác chính của giới khởi nghiệp công nghệ tại Mỹ đã được ngân hàng First Citizens đồng ý mua lại.","SVB là đối tác chính của giới khởi nghiệp công nghệ tại Mỹ, hoạt động từ thập niên 1980.",Refuted,NEI,False,Số liệu / Mốc thời gian,Câu bằng chứng truy xuất chứa số liệu khác hoặc mốc thời gian không khớp phát biểu.
dev_1947,1947,"Công ty TNHH Mua bán nợ DSP, địa chỉ 91 Pasteur, phường Bến Nghé, quận 1, TP HCM mua các khoản nợ mà khách hàng đã vay.","Công an TP HCM khám xét Công ty Mirae Asset Cảnh sát xác định Công ty TNHH Mua bán nợ DSP, địa chỉ: Tầng 4, Chung cư Lữ Gia, số 70 Lữ Gia, phường 15, quận 11, TP HCM, mua các khoản nợ mà khách hàng đã vay của Công ty Tài chính TNHH MTV Mirae Asset Việt Nam (Mã số doanh nghiệp: 0311132506; địa chỉ 91 Pasteur, phường Bến Nghé, quận 1, TP HCM) và một số tổ chức tín dụng khác nhưng không có khả năng trả.",Refuted,Supported,False,Số liệu / Mốc thời gian,Câu bằng chứng truy xuất chứa số liệu khác hoặc mốc thời gian không khớp phát biểu.
dev_1395,1395,"TBI là tổ chức kinh doanh do cựu Thủ tướng Tony Blair thành lập để hỗ trợ chính phủ các nước giải quyết các thách thức lớn về kinh tế, xã hội và chính trị.","Thủ tướng Phạm Minh Chính bày tỏ trân trọng những đóng góp của ông Tony Blair cho quan hệ Việt Nam-Anh trong nhiệm kỳ Thủ tướng Vương quốc Anh, đánh giá cao ngài cựu Thủ tướng và các cộng sự Viện TBI đã dành tình cảm, sự quan tâm hợp tác với các bộ ngành, cơ quan của Việt Nam - Ảnh: VGP/Nhật Bắc TBI là tổ chức phi lợi nhuận do cựu Thủ tướng Tony Blair thành lập với mục tiêu hỗ trợ chính phủ các nước giải quyết các thách thức lớn về kinh tế, xã hội và chính trị thông qua việc xây dựng chiến lược và chính sách, thúc đẩy toàn cầu hóa.",Refuted,Supported,False,Bằng chứng không liên quan (IR Noise),Hệ thống BM25/Reranker chọn câu có trùng từ khóa nhưng không chứa sự thật kiểm chứng.
dev_3625,3625,Việt Nam đã chốt danh sách VĐV tham dự SEA Games 32.,"Tổng cục TDTT cũng thông tin hiện tại, các bộ phận chuyên môn hiện đang rà soát để chốt danh sách các thành viên Đoàn Thể thao Việt Nam tham dự SEA Games 32, trình Bộ trưởng Bộ VHTT&DL phê duyệt trong thời gian sớm nhất.",Refuted,Supported,False,Bằng chứng không liên quan (IR Noise),Hệ thống BM25/Reranker chọn câu có trùng từ khóa nhưng không chứa sự thật kiểm chứng.
dev_7412,7412,Giám đốc Amway Việt Nam nhận giải thưởng doanh nghiệp có vốn đầu tư nước ngoài (FDI) tiên phong trong lĩnh vực chuyển đổi số tại Việt Nam từ Ban tổ chức.,(Chinhphu.vn) - Amway Việt Nam – thương hiệu toàn cầu về sức khỏe và sắc đẹp vinh dự được vinh danh là doanh nghiệp có vốn đầu tư nước ngoài (FDI) tiên phong trong lĩnh vực chuyển đổi số tại Việt Nam tại lễ trao giải thưởng Rồng Vàng 2023.,Refuted,Supported,False,Số liệu / Mốc thời gian,Câu bằng chứng truy xuất chứa số liệu khác hoặc mốc thời gian không khớp phát biểu.
dev_6264,6264,"Với các mái vòm cao tới 32m, Nhà thờ Đức Bà Paris được xây dựng vào giữa thế kỷ 12 và là tòa nhà cao nhất từng được xây dựng vào thời điểm đó.",Nhà thờ Đức Bà Paris được xây dựng vào giữa thế kỷ 12 và là tòa nhà cao nhất từng được xây dựng vào thời điểm đó với các mái vòm cao tới 32m.,Refuted,Supported,False,Bằng chứng không liên quan (IR Noise),Hệ thống BM25/Reranker chọn câu có trùng từ khóa nhưng không chứa sự thật kiểm chứng.
dev_1673,1673,Đoàn Trung Quốc đến Việt Nam lần này với mong muốn có thể nhận được sự hỗ trợ của Việt Nam cũng như thúc đẩy xuất khẩu nông sản của Việt Nam sang Trung Quốc.,"Ông Leo Liu, Giám đốc Kinh doanh của Tập đoàn Sunwah khu vực Vùng Vịnh Quảng Đông-Hồng Kông (Trung Quốc)-Ma Cao cho biết, đoàn đến Việt Nam lần này với mong muốn có thể hỗ trợ cũng như thúc đẩy xuất khẩu nông sản của Việt Nam sang Trung Quốc, với 4 nội dung chính: Làm thế nào để đơn giản hóa các thủ tục cũng như thúc đẩy nông sản Việt nam sang Trung Quốc dễ dàng hơn; tăng cường hợp tác về các lĩnh vực chè, cà phê (tổ chức các lớp bồi dưỡng đào tạo cho các doanh nghiệp về hai lĩnh vực này); tổ chức diễn đàn xúc tiến thương mại nông sản tại Côn Minh, Vân Nam nhân chuyến thăm của lãnh đạo Bộ NN&PTNT và các doanh nghiệp Việt Nam; nâng cao hình ảnh của hàng nông sản Việt Nam tại thị trường Trung Quốc, đặc biệt thông qua hình thức thương mại điện tử.",Refuted,Supported,False,Bằng chứng không liên quan (IR Noise),Hệ thống BM25/Reranker chọn câu có trùng từ khóa nhưng không chứa sự thật kiểm chứng.
dev_984,984,Bing được kì vong là sẽ giành được thị phần AI của Google.,"Davidson & Co kỳ vọng Bing sẽ giành được thị phần trong vài tháng tới, nhất là khi Google tiếp tục trì hoãn việc tích hợp công nghệ AI phái sinh vào sản phẩm của mình. Trong khi hầu hết người dùng đã có thể sử dụng Bing tích hợp AI kể từ tháng 2/2023, Google bắt đầu công bố hộp thoại Bard vào ngày 21/3.",Refuted,Supported,False,Số liệu / Mốc thời gian,Câu bằng chứng truy xuất chứa số liệu khác hoặc mốc thời gian không khớp phát biểu.
dev_1371,1371,"UAE mới thua 2 ở 10 lần ra sân vừa qua, Thái Lan đang chơi tốt hơn bởi họ chỉ thua 2 trong 10 trận gần nhất.","Nếu nhìn vào phong độ, có thể nhận xét rằng Thái Lan đang chơi tốt hơn bởi họ chỉ thua 2 trong 10 trận gần nhất, ngược lại UAE mới thắng 2 ở 10 lần ra sân vừa qua, còn lại là 6 thất bại.",Refuted,Supported,False,Bằng chứng không liên quan (IR Noise),Hệ thống BM25/Reranker chọn câu có trùng từ khóa nhưng không chứa sự thật kiểm chứng.
dev_6728,6728,"Sở giao thông vận tải thành phố sẽ phối hợp với các trường đại học, viện nghiên cứu để quản lý, giám sát xây dựng các cơ sở hạ tầng giao thông.","Đối với hạ tầng xây dựng, Sở GTVT TP sẽ phối hợp với các chủ đầu tư ứng dụng nền tảng số mô hình thông tin xây dựng BIM trong quản lý, giám sát xây dựng công trình giao thông. Đồng thời, TP sẽ triển khai phần mềm quản lý, theo dõi tiến độ các công trình giao thông trọng điểm trên địa bàn TP. Sở GTVT TP sẽ phối hợp với các trường đại học, Viện Nghiên cứu triển khai các chương trình đào tạo dành cho cán bộ ngành giao thông vận tải để bồi dưỡng nâng cao kỹ năng số, bổ sung kiến thức về chuyển đổi số.",Refuted,Supported,False,Số liệu / Mốc thời gian,Câu bằng chứng truy xuất chứa số liệu khác hoặc mốc thời gian không khớp phát biểu.
dev_452,452,"Để đảm bảo tiến độ triển khai thành công, hiệu quả Chương trình phục hồi và phát triển kinh tế - xã hội cần khẩn trương, chủ động triển khai Nghị quyết số 44/2022/QH15 ngày 11/1/2022.","* Để bảo đảm tiến độ triển khai thành công, hiệu quả Chương trình phục hồi và phát triển kinh tế - xã hội, tại Thông báo số 193/TB-VPCP, Phó Thủ tướng Lê Văn Thành cũng đã yêu cầu các bộ, ngành, địa phương khẩn trương, chủ động triển khai các cơ chế, giải pháp đã được quy định rõ trong các Nghị quyết của Quốc hội (số 43/2022/QH15 ngày 11/1/2022 và số 44/2022/QH15 ngày 11/1/2022) và các Nghị quyết của Chính phủ (số 11/NQ-CP ngày 30/1/2022 và số 18/NQ-CP ngày 11/2/2022) bảo đảm tiến độ, chất lượng các dự án thuộc Chương trình phục hồi và phát triển kinh tế - xã hội.",Refuted,Supported,False,Số liệu / Mốc thời gian,Câu bằng chứng truy xuất chứa số liệu khác hoặc mốc thời gian không khớp phát biểu.
dev_3658,3658,Một thanh niên trượt kỳ thi tuyển sinh sau đại học ở Trung Quốc thử gửi tin nhắn vào số điện thoại của người cha đã khuất và nhận được dòng tin nhắn hồi âm.,"Cách đây vài ngày, một thanh niên trượt kỳ thi tuyển sinh sau đại học ở Trung Quốc thử gửi tin nhắn vào số điện thoại của người cha đã khuất.",Supported,NEI,False,Số liệu / Mốc thời gian,Câu bằng chứng truy xuất chứa số liệu khác hoặc mốc thời gian không khớp phát biểu.
dev_1492,1492,Cả Nga và Ukraine đều chấp nhận cho Liên hợp quốc đến giám sát khu vực nhà máy hạt nhân Zaporizhzhia.,Người đứng đầu cơ quan giám sát hạt nhân của Liên hợp quốc đã có chuyến thăm thứ hai tới nhà máy hạt nhân Zaporizhzhia giữa lúc xung đột leo thang xung quanh khu vực này.,Supported,NEI,False,Context Starvation (Thiếu ngữ cảnh quyết định),Câu Top-1 bị thiếu thông tin liên kết đại từ hoặc bối cảnh xung quanh nên bị đoán thành NEI.
dev_3161,3161,"Tỉ phú Jack Ma (Mã Vân) đã về nước sau hơn một năm kín tiếng ở nước ngoài và đã gặp các giáo viên và học sinh tại trường Yungu, một trường tư thục đào tạo từ cấp mẫu giáo đến trung học, hoạt động dưới sự tài trợ của công ty Alibaba trong hôm 27.3.","Hôm nay 27.3, ông Jack Ma đã gặp các giáo viên và học sinh tại trường Yungu, một trường tư thục đào tạo từ cấp mẫu giáo đến trung học, hoạt động dưới sự tài trợ của công ty Alibaba.",Supported,NEI,False,Số liệu / Mốc thời gian,Câu bằng chứng truy xuất chứa số liệu khác hoặc mốc thời gian không khớp phát biểu.
dev_5775,5775,Bổ sung thông tin vào kho dữ liệu quốc gia về dân cư và vào cơ sở dữ liệu CCCD là 1 trong 4 chính sách mà chính phủ đề xuất để xây dựng luật CCCD,"Chính phủ đề nghị xây dựng Luật CCCD (sửa đổi) với bốn nhóm chính sách. Thứ nhất, quy định việc tích hợp thông tin khác ngoài thông tin trong cơ sở dữ liệu CCCD vào CCCD.",Supported,NEI,False,Context Starvation (Thiếu ngữ cảnh quyết định),Câu Top-1 bị thiếu thông tin liên kết đại từ hoặc bối cảnh xung quanh nên bị đoán thành NEI.
dev_564,564,Dây bungee bị đứt khi anh sắp hoàn thành xong cú nhảy 10 tầng lầu của mình và may mắn bên dưới là một vùng nước nên anh đã sống sót và được đưa đến bệnh viện.,"Tại đây, anh đã thực hiện một cú nhảy bungee ở độ cao bằng 10 tầng lầu (khoảng 30m).",Supported,NEI,False,Số liệu / Mốc thời gian,Câu bằng chứng truy xuất chứa số liệu khác hoặc mốc thời gian không khớp phát biểu.
dev_402,402,"Diễn giả Lâm Minh Chánh và diễn giả Phan Dũng Khánh sẽ đưa ra những phân tích, câu chuyện về tài chính, kênh đầu tư,...",Chuyên đề có sự tham gia của diễn giả Lâm Minh Chánh - Chủ tịch Học viện Kinh doanh và Tài chính BizUni và diễn giả Phan Dũng Khánh - Giám đốc Tư vấn Đầu tư Maybank Investment Bank.,Supported,NEI,False,Context Starvation (Thiếu ngữ cảnh quyết định),Câu Top-1 bị thiếu thông tin liên kết đại từ hoặc bối cảnh xung quanh nên bị đoán thành NEI.
dev_4257,4257,K’Thi Rầm đã có cuộc sông vô cùng khó khăn khi cả cha và mẹ của cô đều gặp nạn khi cô chưa trưởng thành.,"Sau khi trao ảnh ở đầu cầu Sông Do, K’Thi Rầm đã mời tác giả Hữu Thành cùng nhóm nghệ sĩ nhiếp ảnh đến nhà thăm gia đình. Suốt buổi gặp gỡ, K’Thi Rầm liên tục cảm ơn và cho rằng không ngờ mình có vinh dự này nhưng tác giả Hữu Thành cho rằng mình mới chính là người phải cảm ơn nhân vật.",Supported,NEI,False,Phủ định / Đảo ngữ,Bằng chứng chứa quan hệ phủ định nhưng câu đơn lẻ làm mất hướng khẳng định.
dev_6613,6613,"Bánh cuốn Thụy Khuê ""rẻ nhất Hà Nội"" mở bán hàng ngày từ 6h đến 14h với giá 13.000 đồng một phần.","Bánh cuốn Thụy Khuê là quán ăn đã qua hai đời, có giá 13.000 đồng một đĩa, được nhiều thực khách nói ""rẻ nhất Hà Nội"".",Supported,NEI,False,Số liệu / Mốc thời gian,Câu bằng chứng truy xuất chứa số liệu khác hoặc mốc thời gian không khớp phát biểu.
dev_6366,6366,Một người đàn ông Nhật Bản ngoài 50 tuổi bị bắt tại Bắc Kinh vì nghi ngờ tham gia hoạt động gián điệp.,"Phát ngôn viên chính phủ Nhật Bản Hirokazu Matsuno ngày 27/3 cho biết đại sứ quán nước này tại Bắc Kinh đã được thông báo rằng ""một người đàn ông Nhật Bản ngoài 50 tuổi bị bắt tại Bắc Kinh vì vi phạm luật pháp Trung Quốc trong tháng này"".",Supported,NEI,False,Số liệu / Mốc thời gian,Câu bằng chứng truy xuất chứa số liệu khác hoặc mốc thời gian không khớp phát biểu.
dev_5344,5344,Lưng voi không có cấu tạo phù hợp với việc chở nặng vì xương sống của chúng mở lên trên.,"Lưng voi không có cấu tạo phù hợp để chở nặng, theo Tom Taylor, giám đốc dự án tại WFFT.",Supported,NEI,False,Số liệu / Mốc thời gian,Câu bằng chứng truy xuất chứa số liệu khác hoặc mốc thời gian không khớp phát biểu.
dev_7097,7097,"Để nhanh làm quen với bóng thi đấu chính thức của các cầu thủ U23 Việt Nam HLV đã thực hiện giáo án rèn luyện kĩ năng kiểm soát bóng và phối hợp nhỏ ít chạm, đồng thời yêu cầu các tuyển thủ tăng đeo bám, thu hồi bóng từ đối phương nhanh chóng, tập các bài chiến thuật.",Ông thầy người Pháp cũng yêu cầu các tuyển thủ U23 Việt Nam tích cực đeo bám và thu hồi bóng từ chân đối phương một cách nhanh nhất.,Supported,Refuted,False,Số liệu / Mốc thời gian,Câu bằng chứng truy xuất chứa số liệu khác hoặc mốc thời gian không khớp phát biểu.
dev_3162,3162,Nhóm cố vấn khoa học SAGO của Tổ chức Y tế Thế giới (WHO) đang kêu gọi Trung Quốc tiết lộ mọi thông tin về nguồn gốc của đại dịch COVID-19.,(PLO)- Nhóm cố vấn khoa học của Tổ chức Y tế Thế giới kêu gọi Trung Quốc công bố tất cả thông tin về nguồn gốc của đại dịch COVID-19 sau khi phát hiện một loài động vật từ chợ động vật sống ở TP Vũ Hán dương tính với virus SARS-CoV-2.,Supported,Refuted,False,Số liệu / Mốc thời gian,Câu bằng chứng truy xuất chứa số liệu khác hoặc mốc thời gian không khớp phát biểu.
dev_373,373,Ngày 30.3 Bệnh viện nhi đồng 1 đã tiếp nhận một ca bệnh nhi 3 tuổi nhét pin điện tử dạng cúc áo vào mũi và bị hoại tử một phần niêm mạc.,"Ngày 30.3, tin từ Bệnh viện Nhi đồng 1 (TP.HCM) cho biết, bệnh viện vừa tiếp nhận bé gái 3 tuổi (ngụ Long An) do nhét pin điện tử vào mũi.",Supported,Refuted,False,Số liệu / Mốc thời gian,Câu bằng chứng truy xuất chứa số liệu khác hoặc mốc thời gian không khớp phát biểu.
dev_1716,1716,Cuba tuyên bố quốc tang để tri ân những người đã hy sinh trong vụ hoả hoạn tại kho chứa nhiên liệu bên vịnh Matanzas,"Cuba đã tuyên bố quốc tang và treo cờ rủ trong hai ngày 18 và 19/8 để tri ân những người đã ngã xuống khi làm nhiệm vụ trong thảm họa cháy kho kho nhiên liệu bên vịnh Matanzas - Ảnh: Granma.cu Đến sáng 6/8, lửa lan sang bể chứa thứ 2 và gây ra hàng loạt vụ nổ lớn khiến nhiều người mất tích và bị thương.",Supported,Refuted,False,Số liệu / Mốc thời gian,Câu bằng chứng truy xuất chứa số liệu khác hoặc mốc thời gian không khớp phát biểu.
dev_5954,5954,"Kho tạm giữ được xây trên một khu đất trống, xung quanh dựng vách tôn và chỉ có một phần mái che nhỏ.","Xung quanh được dựng vách tôn, chỉ có một phần mái che nhỏ, còn lại khu vực giữ phương tiện không có mái che.",Supported,Refuted,False,Phủ định / Đảo ngữ,Bằng chứng chứa quan hệ phủ định nhưng câu đơn lẻ làm mất hướng khẳng định.
dev_307,307,"Sở GD-ĐT Hà Nội đã ra văn bản yêu cầu các nhà trường thực hiện ngay một số biện pháp phòng ngừa sau khi phụ huynh một số trường học ở Hà Nội nhận được điện thoại với chiêu lừa ""con đang cấp cứu, chuyển tiền gấp"".","Sau khi phụ huynh một số trường học ở Hà Nội nhận được điện thoại với chiêu lừa ""con đang cấp cứu, chuyển tiền gấp"", Sở GD-ĐT Hà Nội đã ra văn bản yêu cầu các nhà trường thực hiện ngay một số biện pháp phòng ngừa.",Supported,Refuted,False,Số liệu / Mốc thời gian,Câu bằng chứng truy xuất chứa số liệu khác hoặc mốc thời gian không khớp phát biểu.
dev_4405,4405,Điện ảnh Việt Nam có bề dày lịch sử hơn 70 năm và đã cho ra đời nhiều bộ phim đoạt giải thưởng.,"Ở trong nước, hàng trăm giải thưởng quốc gia được trao tặng cho các bộ phim truyện, phim tài liệu, phim khoa học, phim hoạt hình trong 22 lần tổ chức Liên hoan phim Việt Nam và hàng trăm giải thưởng cho cá nhân các nghệ sĩ điện ảnh. Trong 10 năm trở lại đây, ngành điện ảnh Việt Nam đã kịp thời nắm bắt thời cơ đổi mới và hội nhập quốc tế, tổ chức thực hiện những dự án sản xuất, phát hành phim theo mô hình xã hội hóa.",Supported,Refuted,False,Số liệu / Mốc thời gian,Câu bằng chứng truy xuất chứa số liệu khác hoặc mốc thời gian không khớp phát biểu.
dev_5765,5765,"Người Vietcombank nào cũng thuộc nằm lòng và nhắc đến với niềm tự hào vô bờ bến giá trị cốt lõi của văn hóa Vietcombank được khái quát hóa thành 5 chữ vàng ""Tin - Chuẩn - Mới - Bền - Nhân"".","(Chinhphu.vn) - Giá trị cốt lõi của văn hóa Vietcombank được khái quát hóa thành 5 chữ vàng ""Tin - Chuẩn - Mới - Bền - Nhân"" mà người Vietcombank nào cũng thuộc nằm lòng và nhắc đến với niềm tự hào vô bờ bến.",Supported,Refuted,False,Bằng chứng không liên quan (IR Noise),Hệ thống BM25/Reranker chọn câu có trùng từ khóa nhưng không chứa sự thật kiểm chứng.
dev_470,470,Ngày 21/3 Tổng thống Nga Vladimir Putin lên án và tuyên bố Mátxcơva sẽ đáp trả tương xứng về hành động gửi đạn xe tăng chứa urani nghèo cho Ukraine của Anh.,"TPO - Ngày 21/3, Tổng thống Nga Vladimir Putin lên án việc Anh định gửi đạn xe tăng chứa urani nghèo cho Ukraine, tuyên bố Mátxcơva sẽ buộc phải đáp trả tương xứng.",Supported,Refuted,False,Số liệu / Mốc thời gian,Câu bằng chứng truy xuất chứa số liệu khác hoặc mốc thời gian không khớp phát biểu.
dev_795,795,Việc đổ nước thải phóng xạ đã được xử lý vẫn gây e ngại về việc thay đổi ADN con người và có thể làm gia tăng ô nhiễm phóng xạ biển.,"Tổ chức Hòa bình xanh e ngại chất phóng xạ có thể thay đổi ADN của con người, Trung Quốc và Hàn Quốc bày tỏ lo lắng, trong khi các quốc đảo Thái Bình Dương băn khoăn về nguy cơ nước biển ô nhiễm phóng xạ nặng hơn.",Supported,Refuted,False,Bằng chứng không liên quan (IR Noise),Hệ thống BM25/Reranker chọn câu có trùng từ khóa nhưng không chứa sự thật kiểm chứng.
