source_row,statement,evidence,label_name,predicted_label,is_correct
2,Đối tượng cố gắng bỏ chạy sau khi lực lượng công an đón dừng xe để kiểm tra.,"Khi lực lượng công an đón dừng xe để kiểm tra, Thành đã tăng tốc độ để bỏ chạy và va chạm với một xe ô tô khác đi ngược chiều",Supported,Refuted,False
7,"Trong phim Everything Everywhere All at Once diễn viên Quan Kế Huy sinh năm 1890, người giành giải diễn viên nam chính xuất sắc nhất nói lời cảm ơn Viện hàn lâm vì giải thưởng vinh dự này.","Diễn viên Quan Kế Huy, người giành giải diễn viên nam phụ xuất sắc nhất trong phim Everything Everywhere All at Once Cảm ơn Viện hàn lâm vì giải thưởng vinh dự này",Refuted,NEI,False
11,Chân sút Brobbey ở tuổi 23 đã có 12 bàn thắng trên mọi đấu trường mùa này cho Ajax và 35 bàn thắng ở các cấp độ trẻ của Hà Lan sẽ là đối thử của Mbappe.,Chân sút 21 tuổi Brobbey đã có 12 bàn thắng trên mọi đấu trường mùa này cho Ajax và 32 bàn thắng ở các cấp độ trẻ của Hà Lan.,Refuted,NEI,False
19,Sự việc 2 thanh niên lạ mặt đi xe máy tiếp cận học sinh ở nhiều trường tại Vinh với mục đích bắt cóc chưa được kiểm định chính xác.,"Thông tin chưa được kiểm định chính xác hiện tượng 2 thanh niên lạ mặt đi xe máy, tiếp cận học sinh ở nhiều trường học với ý đồ xấu.",Supported,NEI,False
35,"Giám đốc tài chính của Victoria's Secret - Timothy Johnson cho biết, quyết định này được đưa ra trong cuộc họp của ban quản lý nhãn hiệu danh tiếng vào tháng 3/2023, theo đó, công ty sẽ dụa trên tiêu chí tiếp thị để rót tiền vào các hoạt động thương mại.","Timothy Johnson - Giám đốc tài chính của Victoria's Secret cho biết Quyết định này được đưa ra trong cuộc họp của ban quản lý nhãn hiệu danh tiếng vào tháng 3/2023. họ sẽ dựa trên tiêu chí tiếp thị để rót tiền vào các hoạt động kinh doanh,",Supported,NEI,False
58,Lí do bị lộ thông tin cá nhân có thể là do hệ thống bị tấn công và lấy thông tin hoặc là do người của hệ thống bán thông tin cho bên thứ ba.,"Theo Bộ TT-TT, việc lộ lọt dữ liệu cá nhân ở Việt Nam thời gian qua chủ yếu do 2 nguyên nhân. Thứ nhất, do các hệ thống thông tin, thu thập, xử lý, lưu trữ dữ liệu cá nhân của người dùng không bảo đảm an toàn, an ninh mạng, dẫn đến bị tấn công, khai thác. Thứ 2, tổ chức, DN thu thập, xử lý dữ liệu cá nhân của người dùng và chia sẻ trái phép với bên thứ ba hoặc bên thứ ba cấu kết với nhân viên quản lý dữ liệu của tổ chức, DN để lấy dữ liệu; thu thập thông qua việc tạo các trang web, tài khoản mạng xã hội; dụ dỗ người dân cung cấp thông tin.",Supported,Refuted,False
59,Trận đấu tiếp theo của U20 Việt Nam là gặp U20 Iran tại VCK U20 châu Á.,"chúng tôi cần tính toán kỹ lưỡng cho trận đấu với U20 Iran"" Tối 4/3, U20 Việt Nam giành chiến thắng trước Qatar nhờ các pha lập công của Nguyễn Quốc Việt và Nguyễn Văn Trường",Supported,NEI,False
64,Thời tiết tại Thổ Nhĩ Kỳ khắc nghiệt hơn so với Việt Nam gây ra không ít khó khăn đối với đoàn cứu hộ Việt Nam vì sự chênh lệch nhiệt độ giữa ngày và đêm.,"những khó khăn nhất định liên quan đến điều kiện thời tiết rất khắc nghiệt so với tại Việt Nam ban ngày tại khu vực cứu trợ đối với anh em cán bộ, chiến sĩ không phải là vấn đề lớn ban đêm quả là một thách thức vì nhiệt độ xuống tới âm 6 - âm 7 độ C, trong khi các cán bộ, chiến sĩ phải ngủ trong lán trại dựng ngoài trời.",Supported,Refuted,False
79,"NASA đã công bố bức hình tuyệt đẹp của WR 124 vào ngày 15/3, với hình ảnh ngôi sao này được bao quanh bởi mây khí bụi, là vật chất thoát ra từ ngôi sao già cỗi trong các vụ phóng hỗn loạn và ngẫu nhiên.",Trong bức ảnh tuyệt đẹp được NASA công bố hôm 14/3 Những đám mây khổng lồ này là vật chất thoát ra từ ngôi sao già cỗi trong các vụ phóng hỗn loạn và ngẫu nhiên. WR 124 được bao quanh bởi mây khí bụi,Refuted,Supported,False
82,"Nguyễn Thị Tâm sẽ đối đầu với Nikhat Zareen, võ sĩ nước chủ nhà Ấn Độ, trong trận chung kết Giải vô địch Boxing nữ thế giới 2023 hạng 48-50 kg.","đến vòng bán kết, nữ võ sĩ Việt Nam Nguyễn Thị Tâm gặp võ sĩ người Pháp Lkhadiri Wassila",Supported,Refuted,False
87,Câu chuyện bị đánh rớt của Wesley Anna được nhiều người tin tưởng nên cô đã đưa ra một số tài liệu thống kê những nơi mình đã ứng tuyển.,"cách đưa ra một số tài liệu thống kê tất cả những nơi cô đã ứng tuyển Không ít người cảm thấy khó tin bị đánh rớt khi xin việc"",",Refuted,Supported,False
93,Biện pháp xác minh bằng giọng nói của người dùng sẽ được TikTok cũng sẽ áp dụng để chánh lộ thông tin và sẽ không thể xác định danh tính người dùng nếu thiếu địa chỉ nhà.,"TikTok cũng sẽ áp dụng biện pháp ""giả danh tính"" dữ liệu cá nhân để tạo ra một lớp bảo vệ thông tin người dùng biện pháp này, sẽ không thể xác định danh tính người dùng nếu thiếu thông tin bổ sung",Refuted,NEI,False
96,"Sở cũng yêu cầu các cơ sở giáo dục phối hợp với lực lượng chức năng tại địa phương đảm bảo trật tự, an toàn cho học sinh, sinh viên tại những khu vực đông đúc gần trường.","Sở cũng yêu cầu các cơ sở giáo dục phối hợp với lực lượng chức năng tại địa phương đảm bảo trật tự, an toàn cho học sinh, sinh viên tại khu vực cổng trường.",Refuted,NEI,False
100,"Chương trình được tổ chức thông qua hình thức tham dự trực tiếp, phát sóng trên truyền hình và xem trực tuyến trên các nền tảng mạng xã hội.","tổ chức chương trình Tư vấn mùa thi cho gần 1.000 học sinh lớp 12 của TP.Long Xuyên và các huyện Chợ Mới, Châu Thành và Thoại Sơn tham dự trực tiếp tổ chức truyền hình trực tiếp chương trình trên sóng Đài PTTH An Giang còn xem trực tuyến tại website thanhnien.vn, fanpage Facebook và qua kênh YouTube, TikTok của Báo Thanh Niên",Supported,NEI,False
101,"Hai trận đấu họ thua kém hoàn toàn đối thủ về lối chơi và những thống kê quan trọng như cầm bóng, dứt điểm cầu môn và dĩ nhiên là bàn thắng khiến họ có 1 trận thắng và 1 trận thất bại 1-2 trước New Zealand.","một trận hòa không bàn thắng thất bại 1-2 trước New Zealand hai trận đấu họ thua kém hoàn toàn đối thủ về lối chơi và những thống kê quan trọng như cầm bóng, dứt điểm cầu môn và dĩ nhiên là bàn thắng.",Refuted,Supported,False
107,"Thông tin 2 thanh niên lạ mặt đi xe máy, tiếp cận học sinh ở nhiều trường học tại thành phố Vinh (Nghệ An) với ý đồ xấu đã nhanh chóng lan truyền đến nhóm phụ huynh học sinh, gây nên sự hoang mang đến các phụ huynh.","Gần đây nhiều nhóm phụ huynh tại thành phố Vinh (Nghệ An) lan truyền thông tin về hiện tượng 2 thanh niên lạ mặt đi xe máy, tiếp cận học sinh ở nhiều trường học với ý đồ xấu. Thông tin này nhanh chóng được chia sẻ, cảnh báo đến nhiều nhóm phụ huynh nhiều trường học khác nhau tại thành phố Vinh (Nghệ An), khiến nhiều người hoang mang",Refuted,Supported,False
110,"Đề án dạy và học môn Toán, Khoa học và tiếng Anh tích hợp theo khung chương trình quốc gia Anh và Việt Nam được đưa vào giáo dục từ năm 2017.",". Đề án dạy và học môn Toán, Khoa học và tiếng Anh tích hợp theo khung chương trình quốc gia Anh và Việt Nam (còn gọi là chương trình tiếng Anh tích hợp) được UBND thành phố cho phép triển khai tại các trường công lập cách đây gần chục năm",NEI,Refuted,False
125,"Nhiễm nấm thông thường được chỉ định dùng thuốc kháng nấm, tuyệt đối không được đặt ống dẫn lưu do có thể gây nhiễm nấm nặng hơn.","Thông thường, nó được điều trị bằng thuốc kháng nấm và phẫu thuật để dẫn lưu. Sau đó, các bác sĩ rút mủ và gửi mẫu đến phòng xét nghiệm của trung tâm hợp tác của Tổ chức Y tế thế giới (WHO) ở Ấn Độ.",Refuted,NEI,False
127,Độ tuổi nghỉ hưu ở nước Anh dự kiến là sẽ tăng lên 68 tuổi trong vòng 23 năm tới.,"Độ tuổi này dự kiến sẽ tăng lên 67 trong giai đoạn 2026 - 2028, tiếp đó sẽ được nâng lên mức 68 trong giai đoạn 2044 - 2046.",Supported,NEI,False
129,"Tổng lợi nhuận kế toán sau thuế của LPB đạt 5.690 tỷ đồng và 4.510 tỷ đồng lãi sau thuế, ESP tăng từ 2.135 đồng của năm 2021 lên 2.671 đồng trong năm 2022.",LPB đạt 5.690 tỷ đồng tổng lợi nhuận kế toán trước thuế và 4.510 tỷ đồng lãi sau thuế (EPS) tăng từ 2.135 đồng của năm 2021 lên 2.671 đồng trong năm 2022.,Refuted,Supported,False
143,Nhà máy MPE Smart Factory đã được khánh thành vào ngày 25/3 sau khoảng 10 năm xây dựng.,khánh thành chiều tối 25/3 MPE Smart Factory khởi công từ tháng 6/2019,Refuted,NEI,False
144,Bộ trưởng Quốc phòng Nga trao Huân chương dũng cảm cho các phi công vì đã ngăn chặn chiếc máy bay do thám không người lái của Mỹ trên địa phận của Nga.,"Ngày 22/3, Bộ trưởng Quốc phòng Nga Sergei Shoigu trao Huân chương dũng cảm cho các phi công lái tiêm kích Su-27 vì đã ngăn chặn chiếc máy bay do thám không người lái của Mỹ trên Biển Đen, Bộ Quốc phòng Nga cho biết.",Supported,Refuted,False
165,"Chất lượng báo, tạp chí Đảng đã được cải thiện, tuy nhiên cách thể hiện khá khô khan và có nhiều bài viết thiếu chuyên sâu, bàn luận các vấn đề cũ.","chất lượng báo, tạp chí của Đảng đã được nâng cao hình thức thể hiện vẫn còn khô khan Số bài viết mang tính chuyên sâu, luận giải những vấn đề mới, khó,",Refuted,Supported,False
169,"Châu Phi đã bị bỏ quên dưới thời tổng thống Donald Trump, tạo cơ hội cho Nga và Trung Quốc gây ảnh hưởng lên Châu Phi.",Có thể nói lục địa đen đã bị bỏ quên nặng nề dưới trào tổng thống Donald Trump và đó là cơ hội để Nga và Trung Quốc gia tăng ảnh hưởng,NEI,Supported,False
178,"Người dự tuyển phải trải qua tập huấn tối thiểu 12 tháng, đồng thời đối với đăng kiểm viên bậc cao phải có 36 tháng kinh nghiệm.","Người dự tuyển phải trải qua tập huấn tối thiếu 12 tháng, Với đăng kiểm viên bậc cao phải có 36 tháng kinh nghiệm.",Supported,Refuted,False
180,"Bà Ngô Thị Kim Yến, Phó chủ tịch TP Đà Nẵng cho biết, Ma nhai tại danh thắng Ngũ Hành Sơn là niềm vinh dự, tự hào của đất nước Việt Nam nói chung và Đà Nẵng nói riêng.","bà Ngô Thị Kim Yến, Phó chủ tịch TP Đà Nẵng cho biết, đây là niềm vinh dự, tự hào của đất nước Việt Nam nói chung và Đà Nẵng nói riêng",Supported,NEI,False
182,Các nạn nhân còn lại của vụ nổ đều thuộc diện hộ nghèo và đang được điều trị tại bệnh viện.,Những nạn nhân còn lại đang được tiếp tục điều trị tại bênh viện Các nạn nhân trong vụ việc đều thuộc diện hộ nghèo.,Refuted,Supported,False
183,"Thông tin từ cơ quan điều tra, ông Nguyễn Quốc Bắc có liên quan tới việc tổ chức đánh bạc trái phép, các cơ quan chức nắng đang làm rõ vụ việc.","Thông tin từ cơ quan điều tra, ông Nguyễn Quốc Bắc có nhiều sai phạm trong việc giao đất tái định cư và đất ở không thông qua đấu giá liên quan đến nhiều dự án như: Hồ Đồng Nai, hồ Nam Phương II, tuyến tránh Quốc lộ 20, Khu công nghiệp Lộc Sơn.",Refuted,NEI,False
185,"Tòa án quận trung tâm Seoul tuyên buộc chính phủ Hàn Quốc phải bồi thường cho bà Nguyễn Thị Thanh, nạn nhân vụ thảm sát ở thôn Phong Nhi, Phong Nhất, những thiệt hại do binh lính Hàn Quốc gây ra năm 1968.","theo TTXVN, Tòa án quận trung tâm Seoul, Hàn Quốc ngày 7/2 đã ra phán quyết sơ thẩm yêu cầu Chính phủ Hàn Quốc bồi thường hơn 30 triệu won (23.900 USD) cho bà Nguyễn Thị Thanh",Supported,NEI,False
189,"Số liệu của Tổng cục Dự trữ Nhà nước (DTNN) cho thấy có 16.920 tấn gạo hỗ trợ học sinh học kỳ I, năm học 2022 - 2023 trong tổng số 56.787 tấn gạo xuất cấp.","Số liệu của Tổng cục Dự trữ Nhà nước (DTNN) cho thấy, trong tổng số 56.787 tấn gạo xuất cấp , có 16.920 tấn gạo hỗ trợ nhân dịp Tết Nguyên đán;",Refuted,Supported,False
191,Nhà thiết kế kỹ thuật số Wesley Anna vẫn bị thất nghiệp dù có cả 10 năm kinh nghiệm.,"Dù có cả chục năm kinh nghiệm làm việc, bị từ chối và rơi vào cảnh thất nghiệp Wesley Anna một nhà thiết kế kỹ thuật số",Supported,Refuted,False
197,"Nhóm phụ huynh của các trường Tiểu học ở địa bàn thành phố Vinh (Nghệ An) nhận được thông tin về có 2 đối tượng lạ mặt đi xe máy, tiếp cận với học sinh cho rằng có ý đồ xấu, thông tin trên được chia sẻ và gây không ít hoang mang cho các bật phụ huynh học sinh.","Gần đây nhiều nhóm phụ huynh tại thành phố Vinh (Nghệ An) lan truyền thông tin về hiện tượng 2 thanh niên lạ mặt đi xe máy, tiếp cận học sinh ở nhiều trường học với ý đồ xấu. Thông tin này nhanh chóng được chia sẻ, cảnh báo đến nhiều nhóm phụ huynh nhiều trường học khác nhau tại thành phố Vinh (Nghệ An), khiến nhiều người hoang mang",Supported,Refuted,False
199,"Theo AP, giá dầu giảm hơn 2 USD/thùng nhưng đồng bảng và AUD đều tăng giá so với đồng USD.",", giá dầu giảm hơn 2 USD/thùng còn đồng euro, đồng bảng và AUD đều tăng giá so với đồng USD",Supported,Refuted,False
203,"Saudi Arabia và Hà Lan lần lượt xếp thứ 2 và thứ 3 với tỉ lệ 86% và 85%, xếp thứ nhất là Trung Quốc khoảng 95% người dân Trung Quốc được hỏi cho biết họ cảm thấy hạnh phúc với cuộc sống hiện tại.",có khoảng 91% người dân Trung Quốc được hỏi cho biết họ cảm thấy hạnh phúc với cuộc sống hiện tại. Saudi Arabia và Hà Lan lần lượt xếp thứ 2 và thứ 3 với tỉ lệ 86% và 85%,Refuted,NEI,False
207,Bộ Công an đặt mục tiêu toàn bộ nhân dân đều có căn cước và đều giao dịch được trên môi trường điện tử vào năm 2025.,"Bộ Công an đặt mục tiêu 100% nhân dân giao dịch được trên môi trường điện tử, 100% người dân có căn cước Bộ Công an đặt mục tiêu 100% nhân dân giao dịch được trên môi trường điện tử, 100% người dân có căn cước",NEI,Refuted,False
216,"Không gian ""Văn hóa trẻ"" có sự xuất hiện của áo dài, trang phục truyền thống của Việt Nam và kimono trang phục truyền thống của Nhật Bản.",". Không gian ""Văn hóa trẻ"": triển lãm trang phục truyền thống của VN và các nước Đông Nam Á cũng như giới thiệu những nét đặc sắc về ngôn ngữ và văn hóa truyền thống của các thành viên ASEAN.",NEI,Refuted,False
217,Nữ tài xế lái xe Porsche 4 chỗ chạy trên đường dẫn cao tốc Long Thành bất ngờ lao vào làn xe máy gây tai nạn khiến hai người bị thương vào trưa ngày 19/3.,"Ôtô Porsche chạy trên đường dẫn cao tốc Long Thành bất ngờ lao vào làn xe máy gây tai nạn khiến hai người bị thương, trưa 19/3. nam tài xế lái xe Porsche 4 chỗ",Refuted,Supported,False
219,"Trong những clip quảng cáo thuốc, thực phẩm chức năng và mỹ phẩm, nhiều người tự nhận mình có bệnh và dùng thuốc xong thì hết hoàn toàn.","Nhiều nghệ sĩ khác cũng từng tham gia quảng cáo thuốc, thực phẩm chức năng, mỹ phẩm... Nhiều người tự nhận mình có bệnh và uống xong thuốc thì khỏi bệnh.",Supported,Refuted,False
229,"Thông qua điều tra, Nguyễn Thế Anh và Lê Thị Sen đã khai nhận hành vi mua 3 nhân viên này về làm nhân viên phục vụ rót bia.",Nguyễn Thế Anh và Lê Thị Sen đã khai nhận rõ về hành vi để nhận chuyển giao 3 nhân viên trên. Mục đích là đưa 3 người này về làm nhân viên phục vụ rót bia,Supported,Refuted,False
240,"Saigon Morin đang nâng thành 5 sao theo hướng kiến trúc cổ điển độc đáo của miền Trung - Tây nguyên với hệ thống 180 phòng ngủ sang trọng, tiện nghi và hiện đại, và hàng trăm bức tranh, ảnh cổ về lịch sử thành phố Huế từ những năm đầu thế kỷ 20 và về lịch sử 122 năm của khách sạn.","Saigon Morin còn mang đến cho du khách những trải nghiệm thú vị về lịch sử 122 năm. Khi lưu trú, du khách còn có cơ hội chiêm ngưỡng hàng trăm bức tranh, ảnh cổ về lịch sử thành phố Huế từ những năm đầu thế kỷ 20 và về lịch sử 122 năm của khách sạn. Trải qua nhiều giai đoạn lịch sử, đến nay, Saigon Morin là khách sạn 4 sao và đang nâng thành 5 sao theo hướng kiến trúc cổ điển độc đáo của miền Trung - Tây nguyên nhằm phát huy giá trị của một khách sạn lâu đời ở Việt Nam (122 năm tuổi), với hệ thống 180 phòng ngủ sang trọng, tiện nghi và hiện đại...",Supported,Refuted,False
246,"Sau vụ cháy rừng phòng hộ ở tỉnh Bà Rịa - Vũng Tàu, Sở Nông nghiệp và Phát triển nông thôn tỉnh đã nhận được thông tin và yêu cầu lực lượng Kiểm lâm cùng các lực lượng hỗ trợ tiếp tục giám sát các vị trí cháy nhằm ngăn chặn đám cháy bùng phát. Hiện tại, đám cháy không gây thiệt hại về người. Công an tỉnh Bà Rịa - Vũng Tàu đã chỉ đạo các phòng nghiệp vụ, Công an thành phố Bà Rịa và Công an thị xã Phú Mỹ tiến hành điều tra nguyên nhân gây cháy rừng, xác định trách nhiệm của tổ chức và cá nhân liên quan, và tiến hành xử lý nghiêm theo quy định.","Trong tối 29/3, Sở Nông nghiệp và Phát triển nông thôn tỉnh yêu cầu lực lượng Kiểm lâm cùng các lực lượng hỗ trợ cắt cử người tiếp tục giám sát các vị trí cháy đề phòng đám cháy bùng phát trở lại Đến thời điểm hiện nay, đám cháy không gây thiệt hại về người. Công an tỉnh Bà Rịa - Vũng Tàu chỉ đạo các phòng nghiệp vụ, Công an thành phố Bà Rịa và Công an thị xã Phú Mỹ tổ chức xem xét hiện trường, điều tra làm rõ nguyên nhân gây cháy rừng, làm rõ trách nhiệm của tổ chức, cá nhân liên quan đến cháy rừng, kịp thời xử lý nghiêm theo quy định.",NEI,Supported,False
247,"Từ tháng 5/2022, Ngân hàng Dự trữ Australia đã đẩy lãi suất lên cao hơn 300 điểm cơ bản, Ngân hàng VPBank đẩy lãi suất lên cao hơn 500 điểm cơ bản.",Ngân hàng Dự trữ Australia đã đẩy lãi suất lên cao hơn 300 điểm cơ bản kể từ tháng 5/2022.,NEI,Refuted,False
263,Đề xuất lắp đặt mái tôn dọc đường Lê Lợi được các kiến trúc sư và chuyên gia nhất trí ủng hộ.,tuy nhiên phương án lắp mái che bằng tôn là không phù hợp,Refuted,NEI,False
265,Bí thư Tỉnh ủy Bình Thuận đã tặng hoa chúc mừng và mong muốn ông Võ Thanh Bình sẽ hoàn thành tốt nhiệm vụ của mình sắp tới.,"Ông Dương Văn An, Bí thư Tỉnh ủy đã trao quyết định, tặng hoa chúc mừng và mong muốn ông Võ Thanh Bình tiếp tục phát huy trí tuệ, phẩm chất đạo đức, hoàn thành tốt nhiệm vụ được giao.",Supported,Refuted,False
270,Offset và Takeoff là họ hàng bên nội và cùng lớn lên bên ngoài thành phố Atlanta – Mỹ.,"Họ có họ hàng với nhau, cùng lớn lên bên ngoài thành phố Atlanta – Mỹ.",NEI,Refuted,False
287,"Theo thông tin UBND phường Quán Trữ, dãy nhà được xây dựng trên thửa đất rộng gần 1.000m2, không có giấy phép và xây dựng chung tường, chung móng với các căn nhà liền kề.","Theo UBND phường Quán Trữ, dãy nhà ở liền kề được xây dựng trên thửa đất rộng gần 1.000m2 công trình xây dựng này chưa được tách thửa, chưa được cấp phép xây dựng và các căn nhà liền kề được xây dựng chung tường, chung móng.",Supported,Refuted,False
290,"Nếu không có kinh nghiệm mua và sử dụng sản phẩm thì tốt hơn hết bạn nên chọn những nhà cung cấp uy tín để mua dù sản phẩm của Cerave hiện không bị làm giả, làm nhái nhiều.","hiện nay sản phẩm của Cerave bị làm giả, làm nhái rất nhiều. Nếu không có kinh nghiệm mua và sử dụng sản phẩm thì tốt hơn hết bạn nên chọn những nhà cung cấp uy tín để mua.",Refuted,Supported,False
294,"Bụi bẩn ảnh hưởng đến sức khỏe, việc kinh doanh, ... của người đi ngang khu vực này.","Bụi thì nhiều, có lẽ đến khi đường xong, người dân sẽ đổ bệnh cả"", Ngoài ảnh hưởng đến sinh hoạt, gia đình nào kinh doanh còn bị ảnh hưởng. Ngoài ảnh hưởng đến cuộc sống người dân, xe cộ đi qua bị khuất tầm nhìn.",Refuted,Supported,False
297,Triển lãm tranh tại phòng tranh May Artspace là tin vui của họa sĩ Bùi Quang Viễn vì trước đây ông suýt bị tiêu hủy tranh và xử phạt.,"họa sĩ Bùi Quang Viễn triển lãm tranh tại phòng tranh May Artspace trước đây, ông đã suýt bị tiêu hủy tranh và bị xử phạt hành chính",Supported,NEI,False
304,"Với lịch thi chi tiết từng ngày, địa chỉ https://www.facebook.com/tuyensinhso có đăng hình ảnh mạo danh Bộ GD-ĐT công bố đề thi tốt nghiệp THPT năm 2023.","địa chỉ https://www.facebook.com/tuyensinhso có đăng hình ảnh mạo danh Bộ GD-ĐT công bố lịch thi tốt nghiệp THPT năm 2023, với lịch thi chi tiết từng ngày",Refuted,Supported,False
308,"Chất lượng xét xử và giải quyết các vụ án, vụ việc có nhiều tiến bộ với tỉ lệ án bị hủy, sửa do nguyên nhân chủ quan chỉ còn 1,5%.","chất lượng xét xử và giải quyết các vụ án, vụ việc có nhiều tiến bộ Tỉ lệ các bản án bị hủy, sửa do nguyên nhân chủ quan được hạn chế ở mức thấp, dưới 1,5%.",Supported,Refuted,False
313,"Sở Y tế sẽ tăng cường các nỗ lực giám sát, xét nghiệm và truy tìm, cũng như các biện pháp điều trị và phòng ngừa COVID-19 và các bệnh truyền nhiễm khác, đồng thời thúc đẩy các chiến dịch giáo dục sức khỏe và tiêm chủng.","Ngành Y tế tăng cường chỉ đạo, giám sát, kiểm tra, đôn đốc và hỗ trợ tuyến dưới; tổ chức đào tạo về chuyên môn nghiệp vụ, thống kê báo cáo, mở rộng triển khai sử dụng hệ thống báo cáo điện tử cho tất cả các tuyến; thường xuyên giám sát các trường hợp mắc COVID-19, giám sát cộng đồng, thực hiện giám sát biến thể của virus SARS-CoV-2.",Supported,NEI,False
314,"Nguyễn Thị Tâm (xanh) đấu sòng phẳng với Nikhat Zareen. Trong hiệp đấu đầu tiên, Tâm chủ động tấn công, nhưng bị trọng tài phạt thẻ vàng không hợp lý với lỗi xô ngã đối thủ. Kết thúc hiệp 1, Nguyễn Thị Tâm nhận điểm 9 từ 5 trọng tài, trong khi Nikhat Zareen được 10 điểm. Trong hiệp hai, khi đến lượt võ sĩ chủ nhà nhận thẻ vàng, điểm số của Tâm không chênh lệch quá nhiều so với Nikhat Zareen. Tâm có ba điểm 10 và hai điểm 9, trong khi Zareen có ba điểm 10 và hai điểm 9. Trong hiệp đấu thứ 3, Tâm gặp phải sự chơi xấu từ đối thủ và trọng tài không nhận ra. Kết quả, Tâm bị gãy đùi trái và buộc phải bỏ cuộc.","Nguyễn Thị Tâm (xanh) đối đầu sòng phẳng với Nikhat Zareen Ở hiệp đấu đầu tiên, Nguyễn Thị Tâm chủ động tấn công trước Nikhat Zareen nhưng mọi thứ lại đi ngược với ý đồ khi cô bị trọng tài phạt thẻ vàng với lỗi xô ngã đối thủ hết sức vô lý Kết thúc hiệp 1, Nguyễn Thị Tâm được 5 trọng tài cho điểm 9 Nikhat Zareen nhận được đến năm điểm 10 ở hiệp hai khi đến lượt võ sĩ chủ nhà nhận thẻ vàng, tuy vậy, do không thể tung đòn hạ knock-out đối thủ, điểm số mà Nguyễn Thị Tâm nhận được không nhiều hơn bao nhiêu hơn so với Nikhat Zareen với ba điểm 10, hai điểm 9 so với hai điểm 10, ba điểm 9 của Nikhat Zareen",NEI,Refuted,False
323,"Nhờ vào công nghệ nhận dạng gương mặt, Xoxe có thể triển trí tuệ cảm xúc cao cấp, nhận ra ""người tốt, kẻ xấu"" và sẽ chỉ tương tác với người tốt.","Thông qua công nghệ nhận dạng gương mặt tích hợp trên camera robot sẽ phát triển trí tuệ cảm xúc cao cấp Khả năng của Xoxe không chỉ có thế mà còn có thể nhận biết ""người tốt kẻ xấu"" khi giao tiếp",NEI,Refuted,False
339,"Theo thông tin từ Báo Tuổi trẻ Online đưa tin, trong ngày 26.3, Đồn biên phòng Hướng Lập phối hợp với các nhà tài trợ tổ chức khánh thành, bàn giao tổng cộng 4 căn nhà mái ấm biên cương cho các hộ gia đình nằm tại xã Hướng Lập và Hướng Việt có hoàn cảnh đặc biệt khó khăn trên địa bàn biên giới Bảo Khánh, với tổng kinh phí 210 triệu đồng. Thông tin này được đăng trên trang web của Báo Tuổi trẻ Online và thu hút sự quan tâm của nhiều người dân trong và ngoài khu vực.","Khánh thành, bàn giao 4 căn nhà mái ấm biên cương cho các hộ gia đình khó khăn trên địa bàn biên giới BẢO KHÁNH Cũng trong ngày 26.3, Đồn biên phòng Hướng Lập đã phối hợp với các nhà tài trợ tổ chức khánh thành, bàn giao 4 căn nhà mái ấm biên cương cho hộ gia đình đặc biệt khó khăn với tổng số tiền 210 triệu đồng ở xã Hướng Lập và Hướng Việt.",NEI,Supported,False
355,"Wesleyan University xếp hạng 18 trong các trường đại học khai phóng, thuộc bang Connecticut, Mỹ đã chấp nhận dành học bổng toàn phần với trị giá lên đến 370.000 USD cho Tường Anh.","Wesleyan University dành học bổng toàn phần với trị giá lên đến 370.000 USD Wesleyan University xếp hạng 18 trong các trường đại học khai phóng, thuộc bang Connecticut, Mỹ.",Supported,NEI,False
358,Dịch vụ điều tra và thám tử được Thủ tướng ban hành hệ thống ngành kinh tế Việt Nam ghi nhận mã ngành về dịch vụ điều tra là 8030 - 8030 - 80300.,Thủ tướng ban hành hệ thống ngành kinh tế Việt Nam ghi nhận mã ngành về dịch vụ điều tra là 803 - 8030 - 80300. Nhóm này gồm dịch vụ điều tra và thám tử.,Refuted,Supported,False
370,Bộ thông tin và truyền thông xem xét xử lý các video vi phạm truyền bá mê tín dị đoan của tài khoản Tiktok Trương Hương.,"Chúng tôi đang xem xét, thu thập tài liệu liên quan. Nếu phát hiện sai phạm sẽ xử lý đang xem xét các video có vi phạm đưa tin sai sự thật, truyền bá mê tín dị đoan, xúc phạm nhân phẩm người khác hay không. Ngoài ra, cơ quan chức năng vẫn có biện pháp kỹ thuật nhằm ngăn chặn video vi phạm",Supported,NEI,False
389,Nhà đầu tư nước ngoài đã mua vào gần 1.375 tỷ đồng và bán ra 1.500 tỷ đồng.,Nhà đầu tư nước ngoài hôm nay mua vào gần 1.500 tỷ đồng và bán ra 1.375 tỷ đồng,Refuted,Supported,False
392,Giá ngô và lúa mỳ nhập khẩu trên thị trường trong nước tiếp tục giảm so với đầu tháng 3.,giá ngô được chào bán trong khoảng 7.800-8.200 đồng/kg,Supported,NEI,False
402,Tường Anh vinh dự là học sinh Việt Nam giành được học bổng và chọn chuyên ngành khoa học máy tính của Wesleyan University.,"Tường Anh vinh dự là học sinh Việt Nam giành được học bổng danh giá Em chọn chuyên ngành khoa học máy tính, vì muốn thử nghiệm các thế mạnh của bản thân để quyết định nghề nghiệp trong tương lai",Supported,NEI,False
419,"Vào tháng 2, Nhật Bản ghi nhận số lượng đông kỷ lục khách du lịch Việt Nam ghé thăm.","Gần 56.000 du khách Việt đã đến Nhật Bản trong tháng 2, đạt số lượng cao nhất từ trước đến nay. Theo cập nhật lượng khách quốc tế tháng 2 của Cơ quan Xúc tiến Du lịch Nhật Bản (JNTO) hôm 15/3, khách Việt đạt gần 55.800 người, đông nhất từ trước đến nay, tính theo tháng.",Supported,Refuted,False
428,"Trưởng khoa Bệnh nhiệt đới, BS CKII Trần Thanh Linh và TS.BS Lê Quốc Hùng, Trưởng khoa Hồi sức Cấp cứu, đã có mặt tại Bệnh viện Đa khoa khu vực Bắc Quảng Nam từ ngày 18/3 và xác định nguyên nhân ngộ độc cho 9 bệnh nhân.","TS.BS Lê Quốc Hùng, Trưởng khoa Bệnh nhiệt đới và BS CKII Trần Thanh Linh, Trưởng khoa Hồi sức Cấp cứu, đã có mặt tại Bệnh viện Đa khoa khu vực Bắc Quảng Nam từ ngày 18/3 và khẩn trương xác định nguyên nhân dẫn tới vụ ngộ độc cho ít nhất 9 bệnh nhân.",Refuted,Supported,False
430,Người sử dụng lao động có trách nhiệm niêm yết công khai thông tin về việc đóng BHXH cho người lao động định kỳ 8 tháng một lần theo quy định tại khoản 6 Điều 21 Luật BHXH.,"theo quy định tại khoản 6 Điều 21 Luật BHXH: Người sử dụng lao động có trách nhiệm “Định kỳ 6 tháng, niêm yết công khai thông tin về việc đóng BHXH cho người lao động",Refuted,NEI,False
434,Em trai cô thì đang học bằng thạc sĩ tại thành phố đang sống.,Em trai của cô cũng đang theo học tại thành phố này và sống chung nhà với chị gái,NEI,Refuted,False
436,Đại học Quốc gia Hà Nội tăng chỉ tiêu tuyển sinh và mở thêm 4 ngành mới.,Đại học Quốc gia Hà Nội mở bốn ngành mới và tăng hơn 10% chỉ tiêu tuyển sinh so với năm ngoái.,Supported,Refuted,False
442,Cô muốn mọi người cũng thực hiện những hành động nhỏ nhưng có ý nghĩa chẳng hạn như chung tay giúp đỡ chi phí phẫu thuận cho bệnh nhân.,"cô cũng muốn kêu gọi mọi người cùng chung tay thực hiện những hành động nhỏ giúp đỡ chi phí phẫu thuật cho bệnh nhân,",Supported,NEI,False
450,"Phe phản đối phản đối về kế hoạch cải cách, sẽ gây nên hậu quả xấu nếu kế hoạch đi quá xa.","Bên cạnh đó, phe phản đối cho rằng kế hoạch cải cách đi quá xa và sẽ phá hủy tính kiểm soát và cân bằng quyền lực, ảnh hưởng sự độc lập của ngành tư pháp.",Supported,NEI,False
453,"Năm ngoái, Ngoại trưởng Nhật Bản cùng Trung Quốc đã nhất trí về việc hợp tác liên lạc bằng đường dây nóng.","Năm ngoái, Ngoại trưởng Nhật Bản Hayashi Yoshimasa cho biết Nhật Bản và Trung Quốc đã nhất trí vận hành đường dây nóng giữa các quan chức quốc phòng hai nước từ mùa Xuân năm 2023.",NEI,Supported,False
454,"Theo Bảo thì thí sinh cần phải tự tin, bình tĩnh làm bài, làm nhanh những câu dễ sau đó làm những câu khó, sau khi làm bài xong thì chỉ cần lướt qua một lần nữa là đủ.","Thí sinh cần bình tĩnh, tự tin và ""từ từ"" làm bài thay vì căng thẳng, gấp rút dẫn đến những sai sót không đáng có. Nhưng cũng không được tự tin thái quá vì khi làm bài xong, các em phải cẩn thận kiểm tra lại từng câu một.",Refuted,NEI,False
456,"UNESCO vận động mọi người hợp tác nhằm thúc đẩy mạng lưới trao đổi giữa các bên liên quan, đưa ra cảnh báo sớm và giảm rủi ro thiên tai.","UNESCO đang vận động thành lập một quỹ quốc tế để giám sát và bảo tồn sông băng nhằm hỗ trợ nghiên cứu toàn diện, thúc đẩy mạng lưới trao đổi giữa tất cả các bên liên quan và thực hiện các biện pháp cảnh báo sớm và giảm thiểu rủi ro thiên tai.",Refuted,NEI,False
467,Vị trí kỹ sư phần mềm cấp 3 tại Google có mức lương khoảng 183.000 USD/năm (gần 5 tỉ đồng).,"vị trí kỹ sư phần mềm cấp 3 tại Google, tương đương với mức lương khoảng 183.000 USD/năm.",Refuted,NEI,False
471,"Trong buổi thảo luận về ""hòa bình bền vững"" đã có sự góp mặt của ông Kim.","Việc ông Kim vắng mặt trong buổi thảo luận về ""hòa bình bền vững"" của Bộ Ngoại giao Hàn Quốc gần đây đã làm dấy lên tin đồn ông sẽ rời nhiệm sở.",Refuted,Supported,False
472,Nước dừa được đánh giá là thức uống bổ sung nguồn khoáng chất kali khá dồi dào - một trong những dưỡng chất cấm kị với người bệnh điều trị cao huyết áp.,Nước dừa được đánh giá là thức uống bổ sung nguồn khoáng chất kali khá dồi dào - một trong những dưỡng chất cần thiết với người bệnh điều trị cao huyết áp,Refuted,NEI,False
473,"Một giáo viên toán đã nghỉ hưu ở Anh từng lập kỉ lục là người hiến nhiều tinh trùng nhất thế giới năm 2018, giúp 130 đứa trẻ được thụ tinh.","Theo Metro News, nếu các số liệu nói trên là chính xác, số lượng con cái của Meijer sẽ giúp ông vượt xa Clive Jones, một giáo viên toán đã nghỉ hưu ở Anh, người trước đây từng tuyên bố là ""người hiến nhiều tinh trùng nhất thế giới"" sau khi giúp thụ tinh 130 đứa trẻ.",NEI,Supported,False
474,"Tại các phiên tòa, diễn giả nói về vai trò ngày càng quan trọng của việc tái tạo năng lượng ngoài khơi và ảnh hưởng của các vấn đề chính trị đến việc tái tạo này.",Trao đổi tại các phiên của Đối thoại năng lượng tái tạo ngoài khơi ngày càng đóng vai trò quan trọng những vấn đề địa chính trị trong khu vực cũng gây ra tác động tới khả năng phát triển năng lượng tái tạo ngoài khơi,Refuted,Supported,False
481,"Mạng lưới trung tâm đăng kiểm cũng cần tập trung vào các thành phố lớn, có nhu cầu cao, đồng thời buộc đóng cửa đối với các trung tâm đăng kiểm có hành vi vi phạm.","mạng lưới trung tâm đăng kiểm cũng cần tập trung vào các thành phố lớn, có nhu cầu cao Quá trình thực hiện, trung tâm đăng kiểm nào vi phạm sẽ yêu cầu đóng cửa ngay.",Supported,Refuted,False
485,"Theo quy đinh, khi vào phòng thi, thí sinh chỉ có thể mang theo một số đồ dùng nhất định phục vụ cho các môn thi.","Thí sinh chỉ được mang vào phòng thi Bút viết, bút chì, compa, tẩy, thước kẻ, thước tính; máy tính bỏ túi không có chức năng soạn thảo văn bản, không có thẻ nhớ; Atlat Địa lí Việt Nam đối với môn thi Địa lí.",Supported,Refuted,False
493,Donald Trump là cựu tổng thống Mỹ đầu tiên đối mặt với cáo buộc hình sự.,"Ngày 30-3, Đại bồi thẩm đoàn Manhattan, New York, Mỹ quyết định truy tố ông Donald Trump - cựu tổng thống Mỹ, với các tội danh hình sự chưa được nêu rõ.",Supported,Refuted,False
501,Cerave đang dần tạo ra chỗ đứng cho bản thân trên thị trường mỹ phẩm đầy cạnh tranh nhờ những nghiên cứu mang tính đột phá.,Cerave đã tạo chỗ đứng vững chắc trên thị trường mỹ phẩm đầy cạnh tranh nhờ những nghiên cứu mang tính đột phá.,Refuted,Supported,False
503,"Dự án đường cao tốc Bến Lức - Long Thành đang triển khai thuận lợi, dự kiến hoàn thành đúng tiến độ.",", không khí vắng lặng bao trùm công trường cao tốc Bến Lức - Long Thành đoạn qua huyện Bình Chánh. Hai nhánh cầu dẫn ở nút giao này đang xây dở nằm trơ trọi,",Refuted,NEI,False
504,Cuộc đua xe đạp quy tụ 100 đội đua xe chuyên nghiệp trong nước tham gia.,. Cuộc đua xe đạp Cúp Truyền hình TP.HCM 2023 với slogan “Non sông liền một dải - Niềm tin chiến thắng” quy tụ tất cả đội đua mạnh trên cả nước vốn quen thuộc với làng xe đạp chuyên nghiệp gồm,NEI,Refuted,False
506,Đa số thí sinh đến điểm thi từ rất sớm và có yaam thế thoải mái.,", thí sinh được phụ huynh đưa đến từ rất sớm. Đa số thí sinh đi thi với tâm thế thoải mái,",Supported,Refuted,False
512,"Khi dọn nhà nếu gặp đống tài liệu cũ, phải ngồi đọc lại để phân loại cái tiếp tục lưu trữ hay không.","Khi bạn tính đến các giải pháp lưu trữ, việc đưa một món đồ đến vị trí phù hợp buộc bạn phải ""chạm"" vào nó rất nhiều lần. Vì vậy, bạn luôn phải nhìn vào thực tế khi áp dụng quy tắc và ghi nhớ giá trị thực của nó.",NEI,Refuted,False
517,Thành phố Dĩ An đang xin chuyển đổi công nang và di dời doanh nghiệp.,"""Thành phố đang xin chủ trương sẽ chuyển đổi công năng và di dời các doanh nghiệp ngoài khu công nghiệp",Supported,Refuted,False
518,Hai con khỉ tại Thủ Đức đã được gia đình bà Bùi Thị Bên tự nguyện giao nôp cho lực lượng kiểm lâm chăm sóc trước khi thả về tự nhiên.,nhà bà Bùi Thị Bên tiếp nhận hai con khỉ do gia đình tự nguyện giao nộp cho lực lượng kiểm lâm chăm sóc trước khi thả về tự nhiên.,Supported,NEI,False
537,"Tuần trước, một trận lốc xoáy kỉ lục đã quét qua bang Mississippi làm thiệt hại cả người lẫn của.","Cách đây một tuần, một trận lốc xoáy đã quét qua thị trấn nhỏ Rolling Fork ở bang Mississippi, làm 13 người thiệt mạng và phá hủy nhiều ngôi nhà.",NEI,Supported,False
543,Billy Ray Brown là người đã báo cảnh sát về vụ sát hại chính mình và một người đàn ông khác.,Johnny Nealy gọi điện thoại tới đường dây nóng của cảnh sát để báo án,Refuted,NEI,False
555,"Tỉnh Hòa Bình phải chú trọng đầu tư phát triển kết cấu hạ tầng kinh tế - xã hội, đặc biệt thủy lợi, phòng chống thiên tai và xây lại trường học.","tỉnh Hòa Bình phải chú trọng đầu tư phát triển kết cấu hạ tầng kinh tế - xã hội, đặc biệt là hạ tầng giao thông, thủy lợi, phòng chống thiên tai",Refuted,NEI,False
561,"Sau thời gian dài chờ đợi, cuối cùng vào ngày 2-3 Lật mặt 6: Tấm vé định mệnh của Lý Hải đã chính thức tung trailer.","Sau thời gian dài chờ đợi, Lật mặt 6: Tấm vé định mệnh của Lý Hải đã chính thức tung trailer vào ngày 2-3.",Supported,NEI,False
562,"Sử dụng bệ phóng từ xa 10m phù hợp với chương trình nâng cấp của quân đội Mỹ, nhằm tăng cường độ linh hoạt của các chiến dịch an ninh.",sử dụng bệ phóng từ xa phù hợp với chương trình nâng cấp của quân đội Mỹ nhằm tăng cường độ linh hoạt của các chiến dịch an ninh.,NEI,Refuted,False
581,"Các vấn đề trong dự thảo Luật cần được đánh giá và lựa chọn phương án hợp lý, tổng hợp ý kiến và giải trình thuyết phục, và đề xuất những vấn đề chưa được quy định.","Tổng hợp riêng những vấn đề góp ý mà hiện chưa được quy định trong dự thảo Luật; đối với các ý kiến trái với chủ trương, đường lối của Đảng, trái Hiến pháp thì không tiếp thu, nhưng cần giải trình thuyết phục; đối với những ý kiến đúng đắn, cần thiết nhưng chưa có kết luận của Trung ương thì có thể nghiên cứu, báo cáo xin ý kiến cấp có thẩm quyền.",Supported,NEI,False
584,"Tổng hội Nông nghiệp và Phát triển nông thôn tổ chức Hội thảo ""Ứng dụng công nghệ AI trong nâng cao năng suất nông nghiệp"" ngày 23/3.","tại Hội thảo ""Ứng dụng công nghệ AI trong nâng cao năng suất nông nghiệp"" do Tổng hội Nông nghiệp và Phát triển nông thôn tổ chức ngày 23/",Supported,Refuted,False
592,Ngày 27/3 đội tuyển Pháp dẫn trước Ireland với tỷ số 1-0 và Hà Lan thắng Gibraltar 3-0.,"Rạng sáng 28.3, đội tuyển Pháp vượt qua Ireland với tỷ số 1-0 trên sân khách nhờ bàn thắng duy nhất của hậu vệ Benjamin Pavard ghi, trong khi đội tuyển Hà Lan thắng Gibraltar 3-0.",Supported,Refuted,False
618,"Nước chủ nhà SEA Games 32, Campuchia, đặc biệt chú trọng đến sự kiện rước đuốc nhằm quảng bá cho đại hội khắp Đông Nam Á.","Nước chủ nhà đặc biệt quan tâm đến việc tổ chức sự kiện rước đuốc với mong muốn mang ngọn lửa Đại hội di chuyển qua 10 quốc gia Đông Nam Á, nhằm quảng bá cho SEA Games 32.",Supported,Refuted,False
622,"Việc chậm, dừng thi công đường cao tốc dẫn đến vượt chi phí, hủy hợp đồng, dẫn đến tranh chấp pháp lý giữa Tổng công ty Đường cao tốc Việt Nam (VEC) và các nhà thầu.","Nguyên nhân do Tổng công ty Đầu tư phát triển đường cao tốc Việt Nam (VEC - chủ đầu tư) chuyển từ Bộ Giao thông Vận tải về Ủy ban Quản lý vốn Nhà nước tại doanh nghiệp, song thời điểm này chưa xác định được cơ quan chủ quản, cấp quyết định đầu tư.",Supported,NEI,False
629,"Kể từ nay, UBND tỉnh Lâm Đồng bố trí nguồn kinh phí ngân sách nhà nước để tập trung xây dựng rừng nguyên sinh, xây đập thủy điện, thu hút đầu tư trong thời gian tới và dừng tiếp nhận tài trợ ý tưởng quy hoạch trên địa bàn tỉnh.","kể từ nay, UBND tỉnh Lâm Đồng bố trí nguồn kinh phí ngân sách nhà nước để tập trung lập các quy hoạch phục vụ phát triển kinh tế - xã hội, thu hút đầu tư trong thời gian tới và dừng tiếp nhận tài trợ ý tưởng quy hoạch trên địa bàn tỉnh.",Refuted,NEI,False
632,"Nhật Bản có phong độ tự tin, quyết tâm đánh bại Colombia để giành chiến thắng trong trận sắp tới.","Nhật Bản có điểm tựa sân nhà, trong khi Colombia lại đá sân khách khá tệ. Xem ra chiều nay, Samurai xanh sẽ không tha cho đối thủ. Nhật Bản sẽ quyết tâm đả bại Colombia để vô địch trên sân nhà. Niềm tin của họ không phải là không có cơ sở bởi phong độ của đội bóng này là rất tốt trong một năm qua.",Supported,Refuted,False
657,Cư dân vùng Mả Lạng giàu có và làm những nghề được trả lương cao.,"là nơi ở của những lao động nghèo, làm nghề xe ôm, hàng rong, phụ hồ, nhặt phế liệu.",Refuted,NEI,False
660,Tình trạng gọi điện thoại để thông báo cho phụ huynh về việc học sinh phải nhập viện cấp cứu để chiếm đoạt tài sản đã từng là phương thức tấn công mục tiêu mà tội phạm công nghệ sử dụng.,Tình trạng gọi điện thoại để thông báo cho phụ huynh về việc học sinh phải nhập viện cấp cứu để chiếm đoạt tài sản là phương thức tấn công mục tiêu mà tội phạm công nghệ đang sử dụng,Refuted,Supported,False
667,"Các bác sĩ thực hiện hồi sức tích cực và cố định xương sườn số 7,8 của ông T bằng đinh nhựa.",hồi sức tích cực cố định bằng nẹp vít cố định lại xương,Refuted,NEI,False
669,"Với mục tiêu giúp các em học sinh có hoàn cảnh đặc biệt có cơ hội rút ngắn khoảng cách tiếp cận với nhưng giá trị giáo dục hiệu quả, Thủ tướng Chính phủ đã phát động chương trình ""Sóng và máy tính cho em"".",Bà Phạm Thị Trung cho biết: Chương trình “Sóng và máy tính cho em” được Thủ tướng phát động kéo dài đến năm 2025. giúp các em có điều kiện học tập hiệu quả hơn.,Supported,NEI,False
674,Campuchia đăng cai tổ chức SEA Games 32 vào cuối tháng 5 và đầu tháng sáu.,". Campuchia đăng cai tổ chức SEA Games 32 với 37 môn thi đấu và ASEAN Para Games 12 với 13 môn thi đấu, lần lượt vào tháng 5 và tháng 6 tới,",NEI,Supported,False
676,Các cuộc thi sẽ được xem xét về mặt tích cực và tiêu cực để có thể tiếp tục được tổ chức hay không.,"trả lời kiến nghị của cử tri TP.HCM về tổng kết việc tổ chức các cuộc thi sắc đẹp thời gian vừa qua để xem đã mang lại lợi ích gì cho xã hội và hạn chế tiêu cực, phát huy tích cực, đặc biệt giúp định hướng lối sống cho giới trẻ, Bộ trưởng Bộ Văn hóa, Thể thao và Du lịch Nguyễn Văn Hùng cho biết kiên quyết dừng những cuộc thi sắc đẹp có vi phạm.",Supported,Refuted,False
685,"SpaceX đang cung cấp dịch vụ ""Chuyển vùng toàn cầu"" cho những người dùng thường xuyên di chuyển ra ngoài vùng phủ sóng của Starlink với giá 200 đô la một tháng.","Tập đoàn SpaceX hôm 20-2 cho biết bắt đầu cung cấp thử nghiệm dịch vụ ""Chuyển vùng toàn cầu"" dành cho người dùng ở những nơi chưa triển khai Starlink Ngoài gói cước 200 USD mỗi tháng, người dùng phải mua thêm thiết bị kết nối Starlink Kit giá 599 USD (14 triệu đồng).",Supported,Refuted,False
687,Du khách bất bình với việc các bức tường vàng bị vẽ bậy và cho rằng hành động này cần được chấn chỉnh.,"Những hình vẽ trông thật nhếch nhác hành động vô ý thức này cần được chấn chỉnh, Bạn Lê Thảo Trang - du khách Hà Nội",Supported,Refuted,False
693,"Giám đốc Ban quản lý dự án giao thông Khánh Hoà lên tiếng về việc mái tôn, vật liệu xây dựng có thể gây tai nạn mặc dù một số khu vực đã được rào lưới, trải nhựa.",". Mái tôn, vật liệu xây dựng nằm sát khu vực đi lại của người dân. Một số đoạn đường chưa được trải nhựa dễ trơn trượt và tai nạn. Một số khu vực tại công trình nút giao chưa được rào lưới. Ông Đặng Hữu Tài, Giám đốc Ban quản lý dự án giao thông Khánh Hoà, cho biết đã nhiều lần kiểm tra và gửi văn bản nhắc nhở và chấn chỉnh chủ đầu tư đảm bảo an toàn khi thi công.",Refuted,Supported,False
696,"Nhẫn kim cương 99 giác cắt của DOJI với chất liệu độc tôn và kiểu dáng sẽ được làm theo sự yêu cầu của các cặp đôi trong mùa cưới, từng viên kim cương trên chiếc nhẫn sẽ được các thợ lành nghề ở Nga tạo kiểu bởi từng giác cắt thủ công vô cùng tinh tế.","Với chất liệu độc tôn và kiểu dáng nổi bật, nhẫn kim cương 99 giác cắt của DOJI được nhiều cặp đôi yêu thích chọn mua trong mùa cưới. Mỗi viên kim cương được gắn lên những chiếc nhẫn đều được chế tác tinh vi với 99 mặt cắt cầu kỳ, tạo nên vẻ đẹp lộng lẫy, vượt trội hơn so với những viên kim cương 57, 58 giác cắt thông thường.",Refuted,NEI,False
697,"Nguyễn Thanh Tiền (Tý chợ) phạm tội ""Giết người"" đã bỏ trốn khỏi địa phương nên cơ quan điều tra đã tách vụ án để điều tra xử lý sau.",Đối với Nguyễn Thanh Tiền (Tý chợ) đã bỏ trốn khỏi địa phương nên cơ quan điều tra đã tách vụ án để điều tra xử lý sau.,NEI,Refuted,False
698,Mạng di động 4G chuẩn bị ra mắt trên Mặt trăng trong năm 2023 do Nokia thực hiện.,"Hãng viễn thông Phần Lan Nokia cho biết đang chuẩn bị ra mắt mạng di động 4G trên Mặt trăng, một bước tiến nữa cho sự hiện diện của con người bên 'chị Hằng'.",Supported,NEI,False
699,"Học bổng ""Doanh nghiệp đồng hành 2023"" nằm dưới sự chỉ đạo của HIU cùng hội đồng cố vấn với ý nghĩa tạo thêm cơ hội để những bạn khó khăn có thể học cao thêm ở cấp bậc Thạc sĩ và Tiến sĩ hay du học nước ngoài.","Học bổng ""Doanh nghiệp đồng hành 2023"" nằm trong khuôn khổ của Quỹ HIU Foundation, được thành lập và quản trị bởi HIU cùng Hội đồng Cố vấn doanh nhân để thể hiện rõ mục đích cao cả là mang đến nhiều hy vọng cho các bạn sinh viên HIU tài năng có cơ hội phát triển, lan tỏa những giá trị giáo dục, tri thức sâu rộng và tạo những dấu ấn đặc biệt dành cho cộng đồng sinh viên HIU và xã hội",Refuted,NEI,False
703,Marisa Lago bày tỏ ủng hộ những nỗ lực của Việt Nam trong việc xây dựng môi trường đầu tư bình đẳng và minh bạch.,"Việt Nam đang nỗ lực xây dựng một môi trường đầu tư kinh doanh công bằng, minh bạch",NEI,Refuted,False
705,12.000 tỷ đồng được đầu tư vào Đề án phát triển bền vững 1 triệu ha lúa chuyên canh chất lượng cao gắn với tăng trưởng xanh vùng Đồng bằng sông Cửu Long có 4000 tỷ rừ ngân sách của Nhà nước.,"trong đó, 3.000 tỷ từ vốn ngân sách nhà nước Đề án phát triển bền vững 1 triệu ha lúa chuyên canh chất lượng cao gắn với tăng trưởng xanh vùng Đồng bằng sông Cửu Long"" có 12.000 tỷ đồng được đầu tư vào Đề án",Refuted,NEI,False
712,Sinh viên các trường sẽ thực hiện đồ án theo nhu cầu đặt hàng trên 1 lĩnh vực duy nhất.,"Trong đó tập trung đề xuất đặt hàng các đề tài nghiên cứu, nhiệm vụ khoa học công nghệ liên ngành, liên lĩnh vực, liên trường;",Refuted,NEI,False
715,"Lễ an táng 16 người đã hy sinh trong vụ hoả hoạn diễn ra tại nghĩa trang thành phố La Habana, Cuba.","16 người đã hy sinh trong vụ hỏa hoạn xảy ra tại kho chứa nhiên liệu lớn nhất cả nước. Lễ an táng được tổ chức cùng ngày theo nghi thức gia đình tại nghĩa trang San Carlos de Matanzas, cách thủ đô La Habana 100 km về phía Đông.",Refuted,Supported,False
718,"Ưu điểm của Chat Prompt là cải thiện chất lượng phần mềm, tiết kiệm thời gia tìm kiếm, cho phép người dùng tự do sáng tạo, nếu biết sử dụng Prompt thì năng suất làm việc, học tập sẽ tăng lên gấp 20 lần, ngoài ra nó còn cung cấp lịch trình, hướng dẫn để đáp ứng nhu cầu người sử dụng.",". Ưu điểm của Chat Prompt bao gồm khả năng cải thiện giao tiếp, giảm sai sót, tiết kiệm thời gian và tiền bạc cũng như tăng hiệu quả. Nó cũng cho phép trải nghiệm cá nhân hóa hơn cho người dùng. Mọi việc sẽ trở nên dễ dàng rất nhiều nếu bạn biết ứng dụng prompt, nó có thể x10 năng suất làm việc và học tập của bạn Các phương pháp hay nhất cho lời nhắc trò chuyện bao gồm sử dụng ngôn ngữ đàm thoại, cung cấp hướng dẫn rõ ràng và ngắn gọn, thử nghiệm và tinh chỉnh lời nhắc cũng như cá nhân hóa lời nhắc để đáp ứng nhu cầu của những người dùng cụ thể.",Refuted,NEI,False
722,Do mặt hàng dầu mazut giảm quá mạnh nên đã được tăng trích từ 0 đồng lên 300 đồng/lít.,riêng mặt hàng dầu mazut tăng trích từ 0 đồng lên 300 đồng/lít.,NEI,Refuted,False
738,Saigontourist Group là một trong những doanh nghiệp thành công đầu tư vào tỉnh Bình Định.,Saigontourist Group là một trong những doanh nghiệp đầu tiên đầu tư vào tỉnh Bình Định,NEI,Refuted,False
748,"Do xảy ra mâu thuẫn, tài xế ô tô lái xe tông vào nhân viên bảo vệ khiến anh tử vong, sau đó chiếc xe bỏ chạy và va chạm với 2 ô tô khác và một xe máy.","Chiếc ô tô không dừng lại mà tiếp tục bỏ chạy, va chạm với 2 ô tô khác và một xe máy. Lái xe đã điều khiển ô tô tông trúng nhân viên bảo vệ, khiến nạn nhân bất tỉnh. Hai bên xảy ra mâu thuẫn.",Refuted,Supported,False
753,"Đại sứ quán nên ra sức giúp đỡ, hỗ trợ các Việt bào đang sinh sống tại Nhật, nhất là đối với đối tượng du học sinh.","Đồng thời, Đại sứ quán Việt Nam tại Nhật Bản cần tiếp tục quan tâm, tạo điều hơn nữa đến cộng đồng người Việt, từ các chuyên gia, nhà khoa học đến học sinh, sinh viên, người lao động; luôn đoàn kết, gắn bó, giúp đỡ lẫn nhau, hướng về quê hương, đất nước;",NEI,Supported,False
762,"Người dân Anh nghỉ hưu sau ngày 6/4/2016 được hưởng mức lương là 185,15 bảng mỗi tháng.","Luật hưu trí hiện nay tại Anh quy định mức hưởng lương hưu là 185,15 bảng (228,5 USD) mỗi tuần đối với những người đủ tuổi nghỉ hưu sau ngày 6/4/2016.",Refuted,Supported,False
767,"Quán nhậu Food&Beer Garden bị phạt 70 triệu đồng do tiếng ồn phát ra từ hệ thống âm thanh vượt 23,15 dBA công an kiểm tra vào ngày 2/3.","Trong đó, quán nhậu Max Beer Garden bị phạt 70 triệu đồng do tiếng ồn phát ra từ hệ thống âm thanh vượt 23,15 dBA (kiểm tra ngày 2/3);",Refuted,Supported,False
773,"Ung thư gan có mối liên hệ chặt chẽ với tình trạng nhiễm virus viêm gan B, C; bệnh lý xơ gan.","Khai thác tiền sử, ông B bị tăng huyết áp, tim thiếu máu cục bộ do xơ vữa và đái tháo đường. Tuy nhiên, ông B không có các yếu tố nguy cơ của ung thư gan như viêm gan siêu vi B, C hoặc xơ gan Ung thư gan nguyên phát có mối liên hệ chặt chẽ với tình trạng nhiễm virus viêm gan B, C; bệnh lý xơ gan.",Supported,Refuted,False
776,Xử phạt vi phạm hành chính đối với hai chủ nhà hàng xây dựng trái phép là động thái nhằm cảnh cáo 68 trường hợp xây dựng trái phép trên bán đảo Sơn Trà.,UBND quận Sơn Trà (thành phố Đà Nẵng) cho biết đã xử phạt vi phạm hành chính đối với hai chủ nhà hàng xây dựng trái phép quy mô lớn trên bán đảo Sơn Trà. động thái nhằm xử lý triệt để 68 trường hợp xây dựng trái phép trên bán đảo Sơn Trà,Refuted,Supported,False
781,"Công trình cao tốc Bến Lức - Long Thành khởi công năm 2014 dự kiến hoàn thành sau 5 năm nhưng đến nay dự án mới đạt khoảng 80% khối lượng, nhiều gói thầu dừng thi công từ năm 2019 do vướng mắc nguồn vốn.","Khởi công năm 2014, công trình dự kiến hoàn thành sau 5 năm. Tuy nhiên, đến nay dự án mới đạt khoảng 80% khối lượng, nhiều gói thầu dừng thi công từ năm 2019 do vướng mắc nguồn vốn.",Supported,Refuted,False
782,"Ông Nguyễn Văn Giàu, nguyên Uỷ viên Uỷ ban Thường vụ Quốc hội, Là người có nhiều đóng góp trong quá trình xây dựng Luật Đất đai năm 2013, cho rằng quá trình xây dựng dự thảo Luật Đất đai (sửa đổi) đã bám sát chủ trương, đường lối, nghị quyết của Đảng, Nhà nước về đất đai.","ông Nguyễn Văn Giàu, nguyên Uỷ viên Uỷ ban Thường vụ Quốc hội Là người có nhiều đóng góp trong quá trình xây dựng Luật Đất đai năm 2013, cho rằng quá trình xây dựng dự thảo Luật Đất đai (sửa đổi) đã bám sát chủ trương, đường lối, nghị quyết của Đảng, Nhà nước về đất đai.",Refuted,Supported,False
784,"Có một số người dùng các video để khoe mẽ về cuộc sống cá nhân, khắc họa những cuộc sống lý tưởng không có thật khiến nhiều người xem cảm thấy bất lực, tự tin khi so sánh bản thân với những gì mình thấy trên mạng, đồng thời là cơ hội để người khác quấy rối, miệt thị, bạo lựng ngôn từ với người khác.","Trên thực tế có không ít người dùng các video để khoe khoang, tô vẽ cuộc sống của mình, khắc họa những bức tranh phi thực tế về một cuộc sống lý tưởng, khiến nhiều người xem cảm thấy bất lực, tự ti khi so sánh bản thân với những gì nhìn thấy trên mạng tạo ra những tài khoản giả để quấy rối, miệt thị, tạo bạo lực mạng, với những người sử dụng khác, qua phần nhận xét về video hoặc tin nhắn trực tiếp.",Refuted,Supported,False
785,"Sở GTVT TP đã đề nghị Bộ GTVT thực hiện việc cấp phù hiệu phương tiện kinh doanh vận tải trực tuyến, đồng thời có những hướng dẫn giúp người dân đổi giấy phép lái xe do ngành giao thông vận tải cấp trên Cổng dịch vụ công thành phố.","Sở GTVT TP cũng nghiên cứu, kiến nghị Bộ GTVT thí điểm cấp phù hiệu phương tiện kinh doanh vận tải theo hình thức trực tuyến tuyên truyền, hướng dẫn người dân thực hiện Dịch vụ công để đổi giấy phép lái xe do ngành giao thông vận tải cấp trên Cổng dịch vụ công quốc gia.",Refuted,Supported,False
795,"Đoạn phim bắt đầu với cảnh quay khoảng 1,3 giờ trước khi va chạm cho thấy Dimorphos và Didymos ở khoảng cách xa đến mức hai tảng đá không gian không thể phân giải riêng lẻ.","Đoạn phim này bắt đầu với cảnh quay khoảng 1,3 giờ sau khi va chạm, cho thấy Dimorphos và Didymos ở khoảng cách xa đến mức hai tảng đá không gian không thể phân giải riêng lẻ",Refuted,Supported,False
803,"Hôm 16/2, Phó chủ tịch TP Cà Mau Bùi Tứ Hải đang lên kế hoạch cưỡng chế biệt thự của ông Tập, trước đó, ông đã bị xử phạt 22,5 triệu đồng, bị bắt khôi phục lại hiện trạng ban đầu.","Hôm 16/2, Phó chủ tịch TP Cà Màu Bùi Tứ Hải cũng cho biết đang lên kế hoạch cưỡng chế biệt thự của ông Tập Ông Tập bị xử phạt 22,5 triệu đồng, đồng thời buộc khôi phục lại hiện trạng ban đầu.",Supported,Refuted,False
804,Thủ môn Huy Hoàng đứng trong khung gỗ thay thế thủ môn Văn Chuẩn ắng mặt do chấn thương (rách mí mắt) tại trận phân hạng Doha Cup 2023 rạng sáng nay 29.3.,"tại trận phân hạng Doha Cup 2023 rạng sáng nay 29.3, đó là thủ môn Văn Chuẩn đứng trong khung gỗ thay thế Huy Hoàng vắng mặt do chấn thương (rách mí mắt).",Refuted,Supported,False
819,Số lượng các cuộc tấn công hàng ngày của Nga vào Bakhmut đã tăng đều đặn trong bốn tuần qua sau khi đã giảm liên tục từ đầu tháng 3.,"số vụ tấn công trung bình hàng ngày của Nga vào TP Bakhmut đã giảm trong 4 tuần liên tiếp kể từ đầu tháng 3,",NEI,Refuted,False
860,"Văn hóa Sa Huỳnh là một trung tâm văn minh thời kim khí Việt Nam, trong đó Quãng Ngãi là nơi phát hiện đầu tiên và lưu giữ nhiều nhất các di tích khảo cổ.","Quảng Ngãi là nơi đầu tiên phát hiện, lưu giữ nhiều di tích khảo cổ Văn hóa Sa Huỳnh, với 26 di tích được khai quật, trong số hơn 80 địa điểm được phát hiện và nghiên cứu. Văn hóa Sa Huỳnh (thị xã Đức Phổ) là một trong ba trung tâm văn minh ở thời đại kim khí Việt Nam.",Supported,Refuted,False
868,Báo Tuổi Trẻ đã có buổi phỏng vấn vào tối ngày 29/3 với Minh Hà - bà xã của Lý Hải về việc phủ nhận chuyện chồng mình có liên quan đến vụ đánh bạc ở Vĩnh Phúc.,"Minh Hà - bà xã của Lý Hải - phủ nhận chuyện chồng mình có liên quan đến vụ đánh bạc ở Vĩnh Phúc Chia sẻ với Dân trí tối 29/3,",Refuted,NEI,False
879,"Các chủ đầu tư, ban quản lý dự án phải chủ động tháo gỡ khó khăn, vướng mắc; đặc biệt là trong giải phóng mặt bằng thì mới có thể đảm bảo tiến độ nhanh hơn yêu cầu.","Đối với các dự án có kế hoạch về đích trong năm 2023 và dự án trọng điểm đang thực hiện, các chủ đầu tư/ban quản lý dự án cũng phải chủ động tháo gỡ khó khăn, vướng mắc về giải phóng mặt bằng, vật liệu đảm bảo tiến độ triển khai các dự án theo đúng yêu cầu, đặc biệt là dự án cao tốc Bắc - Nam giai đoạn 2 Các hạng mục quyết định đến tiến độ như: hầm, cầu phải được ưu tiên giải phóng mặt bằng, phạm vi mặt bằng thuận lợi cần được thi công cuốn chiếu đẩy nhanh tiến độ hơn nữa"",",Refuted,Supported,False
884,"Bệnh viện Nhi đồng 1 vừa tiếp nhận một bệnh nhi nữ trong tình trạng quấy khóc vì đau nhức mũi, chảy dịch vàng pha máu bên mũi phải, kiểm tra sơ thì phát hiện có pin điện tử trong mũi.","Bệnh viện Nhi đồng 1 vừa tiếp nhận một bệnh nhi nhét pin điện tử vào mũi. bé gái vào Bệnh viện Nhi đồng 1 trong tình trạng quấy khóc, đau nhức mũi, chảy dịch vàng lẫn máu bên mũi phải.",Supported,Refuted,False
894,Loài cúc này tạo ra ruồi giả trên cánh hóa bằng cách tạo ra gene mới.,Vị trí của ruồi giả trên những cánh hoa do nhóm gene thứ ba quyết định.,Refuted,Supported,False
900,"Theo Minh Anh tố chất để học tốt môn tiếng anh là sự kiên trì, chăm chỉ, không ngừng nỗ lực, không bỏ cuộc và biết tự cổ vũ, thúc đẩy bản thân.","Vậy theo bạn, để học giỏi môn tiếng Anh cần có tố chất gì? - Tôi nghĩ phải có một chút năng khiếu, có sự kiên trì và đặc biệt là phải khiêm tốn. tôi đã tự nhủ lớp 11 mình sẽ cố gắng. Đến năm lớp 11 tiếp tục rớt, tôi lại tự nhủ vẫn còn cơ hội ở năm lớp 12. Và tôi đã rất cố gắng giành cơ hội cuối, trước khi tốt nghiệp THPT. Ngày nào tôi cũng dành một khoảng thời gian để học tiếng Anh - sau khi đã hoàn tất bài vở thầy cô giao trên lớp. Tôi kiên trì xem phim, nghe nhạc, đọc sách tiếng Anh, học từ vựng và cấu trúc ngữ pháp nâng cao. Tôi duy trì thói quen nói chuyện với anh hai và bạn thân bằng tiếng Anh...",Supported,NEI,False
921,Joselu được HLV Luis De La Fuente đã dành lời khen ngợi đặc biệt khi anh được tung vào sân từ băng ghế dự bị và có bàn thắng vào lưới Na Uy trong Sea Game 22 vừa qua.,"HLV Luis De La Fuente cũng đã dành lời khen ngợi đặc biệt cho Joselu, tác giả của cú đúp muộn vào lưới Na Uy khi anh được tung vào sân từ băng ghế dự bị.",NEI,Supported,False
926,Các hoa văn hình lục giác trong các bãi muối được hình thành do sự giãn nở và co lại của muối khi nó khô dưới ánh nắng mặt trời.,"các mô hình tổ ong được hình thành bởi một cơ chế bắt nguồn từ nhiệt động lực học cơ bản, tương tự như chuyển động của nước nóng và lạnh trong bộ tản nhiệt hoặc trong nồi nước sôi.",Refuted,NEI,False
941,Ngày 15/3 số ca nhiễm có dấu hiệu tăng so với ngày 14/3.,"Về dịch COVID-19 hôm nay 15-3, Bộ Y tế cho biết số ca nhiễm tăng mạnh so với ngày trước đó.",Supported,Refuted,False
949,"Theo luật sư, việc ép buộc cháu bé hút ma túy như trên có thể bị lãnh án tử hình.","nếu có căn cứ xác định đối tượng đã ép cháu bé 3 tuổi hút ma tuý đá thì hành vi của đối tượng đã phạm tội ""Cưỡng bức người khác sử dụng trái phép chất ma túy"" với khung hình phạt tù từ 15 năm đến 20 năm.",Refuted,NEI,False
950,"Chủ nhiệm Ủy ban Pháp luật Hoàng Thanh Tùng cho biết các cơ quan đều nhất trí với quyết định sửa đổi Luật CCCD, theo đó, cần làm rõ phương thức thực hiện việc tích hợp và bổ sung thông tin vào CCCD, đồng thời rà soát các luật có liên quan để đảm bảo sự đồng nhất","Ông Tùng đề nghị làm rõ phương thức thực hiện việc tích hợp thông tin vào CCCD, bổ sung thông tin vào cơ sở dữ liệu CCCD để không gây phiền hà cho người dân; rà soát các luật có liên quan bảo đảm sự đồng bộ, thống nhất. Chủ nhiệm Ủy ban Pháp luật Hoàng Thanh Tùng cho biết các cơ quan tán thành với sự cần thiết sửa đổi Luật CCCD.",Supported,Refuted,False
955,"Mỹ và Nga luôn căng thẳng nên nhân cơ hội này Mỹ làm nổ đường ống khí đốt của Nga, làm suy yếu Moscow.","Nhà báo này cũng cho rằng do Mỹ luôn cảm thấy lo lắng về việc Nga cung cấp khí đốt và dầu mỏ cho Tây Âu, nên không bất ngờ khi Washington cho nổ đường ống Nord Stream để làm suy yếu Moscow.",NEI,Supported,False
958,Thành phố luôn trân trọng sự hợp tác giữa TP HCM và Đà Nẵng.,"Phó Chủ tịch UBND TP HCM - nhấn mạnh thành phố luôn trân trọng sự hợp tác bình đẳng, cùng có lợi giữa các bên, phù hợp với thế mạnh, đặc thù và tiềm năng của từng địa phương",NEI,Refuted,False
963,"Tình trạng già hóa dân số gia tăng đã được giải quyết triệt để bởi các chính sách và biện pháp như chương trình phòng chống lão hóa, chăm sóc sức khỏe người cao tuổi, đào tạo và tạo việc làm cho người cao tuổi. Ngoài ra, các hoạt động giáo dục và nâng cao nhận thức về sức khỏe và chăm sóc bản thân cũng đóng vai trò quan trọng trong việc ứng phó với tình trạng già hóa dân số.","Tình trạng già hóa dân số gia tăng nhanh chóng đặt ra nhiều thách thức trong việc đảm bảo chất lượng cuộc sống của người cao tuổi theo phương châm “sống vui, sống khỏe, sống có ích”. Bên cạnh đó, sự phát triển của thời đại công nghệ số, cuộc sống xã hội hiện đại cũng tạo nên nhiều khó khăn đối với người cao tuổi trong việc thích ứng, hòa nhập",Refuted,NEI,False
967,"Sau khi chính phủ tỏ chức điều tra, đến nay vẫn chưa tìm ra nguyên nhân khiến chiếc máy bay gặp nạn",Thủ tướng Nepal Pushpa Kamal Dahal đã triệu tập một cuộc họp khẩn cấp của Chính phủ để triển khai việc khắc phục hậu quả và điều tra nguyên nhân vụ tai nạn.,NEI,Refuted,False
970,"Ngày 23-3, Cục Báo chí đã có văn bản gửi Công an tỉnh Hòa Bình, yêu cầu điều tra, làm rõ và xử lý nhóm phóng viên Báo Nông thôn ngày nay đi hành hung, cản trở người khác làm nhiệm vụ.","Cục Báo chí đề nghị Công an tỉnh Hòa Bình chỉ đạo điều tra, làm rõ và xử lý nghiêm các cá nhân liên quan theo quy định của pháp luật Cục Báo chí ngày 23-3 đã có văn bản gửi Công an tỉnh Hòa Bình về việc nhóm phóng viên Báo Nông thôn ngày nay/điện tử Dân Việt bị hành hung, cản trở tác nghiệp",Refuted,Supported,False
979,Cần phải có CCCD để đăng ký sim điện thoại nên nhà trường bám vào đó mà đưa ra quy định là học sinh cấp THCS không được phép mang điện thoại đi học.,"Bây giờ đăng ký điện thoại, Sim điện thoại phải có căn cước, thế các cháu dưới 14 tuổi có được dùng điện thoại không, hay cha mẹ đăng ký để con dùng?",NEI,Refuted,False
980,"Giải pháp hóa đơn điện tử của VNPT có thể tương thích với hầu hết các phần mềm kế toán và bán hàng hiện có mà doanh nghiệp và cá nhân đang sử dụng, giúp đơn giản hóa quy trình xuất hóa đơn và nâng cao độ chính xác trong báo cáo thuế.","Giải pháp hóa đơn điện tử khởi tạo từ máy tính tiền của VNPT với nhiều tính năng vượt trội Với thế mạnh là tổ chức cung cấp giải pháp Các doanh nghiệp, hộ kinh doanh có hóa đơn bán lẻ hàng tiêu dùng, siêu thị, ăn uống, vui chơi giải trí",Supported,Refuted,False
983,"Ba mẹ phải tích cực quan tâm đến trẻ, không nên bỏ mặc chúng điều này có ảnh hưởng tích cực đến quá trình trẻ lớn lên, khi mối quan hệ giữa ba mẹ và con cái tích cực và ấm áp thì con cái sẽ dễ dành phục tùng hơn.","Là cha mẹ, bạn không thể bỏ mặc con và bạn phải tích cực quan tâm đến con bất cứ khi nào có thể. Dù con đã lớn thì cha mẹ vẫn cần quan tâm đến việc học ở trường và bạn bè của con cũng như tất cả các khía cạnh khác trong cuộc sống của con cái. Khi gần gũi con cái, bạn rất có thể có ảnh hưởng tích cực khi con đưa ra những quyết định quan trọng trong cuộc sống. Khi mối quan hệ của bạn với con cái tích cực và ấm áp, chúng có nhiều khả năng sẽ lắng nghe bạn và làm theo sự hướng dẫn của bạn khi gặp rủi ro và nguy hiểm",Refuted,NEI,False
989,"Trong phiên điều trần kéo dài gần 5 tiếng, nhiều câu hỏi về mối nghi ngờ liên quan đến việc lợi dụng dữ liệu người dùng dành cho ông Chew.","Trong phiên điều trần kéo dài liên tục gần 5 tiếng, Chew đối mặt với hàng loạt câu hỏi từ lưỡng đảng, với mối nghi ngờ chính liên quan đến việc gửi dữ liệu của người dùng Mỹ về Trung Quốc, đồng thời yêu cầu Bytedance thoái vốn khỏi TikTok hoặc nền tảng sẽ bị cấm.",Refuted,Supported,False
990,"Sau khi phát hiện hàng xóm bị điện giật tử vong trong ruộng của mình, ông Long đã tìm cách giấu xác và chạy trốn.","Ngay sau khi phát hiện sự việc, ông Long đã đến Công an thị trấn Tân Thanh tự thú. Tại cơ quan Công an, ông Long khai nhận toàn bộ hành vi phạm tội của mình. , ông Long phát hiện hàng xóm bị điện giật tử vong.",Refuted,NEI,False
993,Đầu tư vào chế biến ở ngành Tôm khiến cho giá trị của ngành nuôi tôm đạt hiệu quả cao.,"Đầu tư vào chế biến sâu để gia tăng lợi nhuận cũng là cách mà ngành tôm Việt Nam đang thực hiện và khá thành công bởi thực tế, giá thành nuôi tôm của Việt Nam cao hơn các đối thủ như Ấn Độ, Ecuador...",NEI,Supported,False
997,TGG đã có chuỗi tăng tích cực trong bối cảnh công ty vừa được đầu tư một nguồn vốn lớn.,TGG có chuỗi tăng tích cực bất chấp biến động của thị trường chung trong bối cảnh ông Ngô Quang Tuấn - Thành viên Hội đồng quản trị (HĐQT)- vừa được bổ nhiệm giữ chức Chủ tịch HĐQT Công ty cổ phần Louis Capital nhiệm kỳ 2021-2025 kể từ ngày 27/3 thay cho ông Vũ Anh Sinh.,Refuted,Supported,False
998,"Việc không giới hạn số lượng cuộc thi sắc đẹp làm các danh hiệu dần trở nên ""mất giá"", do đó có ý kiến cho rằng cơ quan quản lý trật tự xã hội nên can thiệp vào việc này.","Những điều luật không cấm là có thể làm, nhưng theo nhiều bạn đọc, đối với những cuộc thi về nhan sắc thì không nên, bởi như thế danh hiệu đạt được sẽ ""mất giá"" các cô gái ""Nghị định không giới hạn số lượng cuộc thi nhưng các cơ quan chức năng có quyền quản lý trật tự xã hội, quá nhiều hoa hậu dẫn đến không thể kiểm soát"".",NEI,Refuted,False
1012,Cho đến năm sau thì tuổi nghỉ hưu của công dân Anh vẫn được giữ nguyên như mức hiện tại là 66 tuổi.,"Ngày 30/3, Chính phủ Anh thông báo sẽ chưa đưa ra quyết định về việc có hay không tăng tuổi nghỉ hưu lên 68 tuổi cho tới sau cuộc bầu cử quốc hội nước này dự kiến diễn ra vào năm tới. Theo quy định hiện hành, tuổi nghỉ hưu tại Anh hiện nay là 66 tuổi.",Supported,Refuted,False
1020,Tỉ lệ các trường THPT ít hơn hẳn so với các trường tiểu học hay THCS.,"Nhưng thực tế tỉ lệ này không đồng đều giữa các bậc học, giữa các địa bàn, có những địa phương tỉ lệ còn rất thấp.",NEI,Refuted,False
1022,Nguyên nhân khiến ông Kim Sung Han bị thay thế chưa được xác định rõ.,"Trước đó vài ngày, truyền thông Hàn Quốc đã rộ tin đồn ông Kim Sung Han sẽ bị thay thế. Nguyên nhân được cho liên quan tới kế hoạch thu xếp chuyến đi của ông Yoon tới Washington",Supported,NEI,False
1024,"Quy định quyền sở hữu chung cư có thời hạn như phương án Chính phủ trình, gây ảnh hường xấu tới việc bảo vệ sức khỏe, tính mạng người dân.","Theo ông Huệ, quy định quyền sở hữu chung cư có thời hạn như phương án Chính phủ trình, mục đích hướng tới việc bảo vệ sức khỏe, tính mạng người dân.",Refuted,NEI,False
1026,"Công ty Khang Minh bất ngờ tuyên bố lại thông điệp Công ty Sen Vàng vi phạm sở hữu trí tuệ, trước đó cuối năm 2022, công ty này đã đổi tên cuộc thi hoa hậu do mình tổ chức vào phút cuối.","Công ty Minh Khang bất ngờ tuyên bố lại thông điệp Công ty Sen Vàng vi phạm sở hữu trí tuệ Cuối năm 2022, Công ty Minh Khang đổi tên cuộc thi hoa hậu do mình tổ chức vào phút cuối,",Refuted,Supported,False
1040,Nếu các quốc gia cùng thống nhất các loại giấy tờ với nhau như sử dụng CCCD trong khu vực ASEAN thì Việt Nam có thể đi lại qua các nước ASEAN bằng CCCD mà không cần hộ chiếu.,"CCCD hiện là một trong những phương thức quản lý dân cư hiện đại trên thế giới, chúng ta đang phấn đấu thống nhất các loại giấy tờ trong ASEAN, công dân các nước đi lại trong ASEAN không cần hộ chiếu Nếu các quốc gia thống nhất, công dân Việt Nam có thể đi lại các nước ASEAN bằng CCCD",Supported,Refuted,False
1044,"4 môn thi bắt buộc cho học sinh hệ giáo dục phổ thông là ngữ văn, toán, ngoại ngữ, lịch sử còn hệ giáo dục thường xuyên là 3 môn ngữ văn, toán, lịch sử.","Học sinh hệ giáo dục phổ thông bốn môn gồm ngữ văn, toán, ngoại ngữ, lịch sử Với học sinh hệ giáo dục thường xuyên thi ba môn gồm nữ văn, toán, lịch sử",Supported,Refuted,False
1049,Danh tính nam bảo vệ và tài xế taxi vẫn được giữ kín trong vụ việc va chạm xe.,Liên quan đến vụ tài xế taxi tông nhân viên bảo vệ Danh tính nam bảo vệ và tài xế taxi chưa được tiết lộ.,Supported,Refuted,False
1060,"T.H.N đã cung cấp thông tin sai sự thật về Chủ tịch UBND huyện Cái Nước, điều này đã vi phạm quy định.",". đã cung cấp thông tin sai sự thật, vi phạm quy định Chủ tịch UBND huyện Cái Nước, TAND huyện Cái Nước có dấu hiệu tham nhũng, nhận tiền đút lót để xử ép... có ai có thể nói cho em biết pháp luật ở đâu không",Supported,Refuted,False
1063,"Cơ quan chức năng cũng đã xác định nguyên nhân dẫn đến ngộ độc ở 14 em học sinh, hiện chỉ có 13 em bình phục và đi học bình thường, 1 em vẫn còn trong giai đoạn nguy kịch.","Cơ quan chức năng cũng đã lấy mẫu bệnh phẩm để xét nghiệm, xác định nguyên nhân dẫn đến ngộ độc ở các học sinh. Hiện 14 học sinh nói trên đã bình phục và đi học trở lại bình thường.",Refuted,NEI,False
1065,Trấn Thành bị nhận xét là còn quá trẻ nên tạo hình và diễn xuất vào vai Ba Phi không được bằng nghệ sĩ Mạc Can từng thể hiện trong bản truyền hình.,"Nhiều người nhận xét rằng chồng Hari Won khó có thể toát lên hình ảnh ông già chất phác, hóm hỉnh mà nghệ sĩ Mạc Can từng thể hiện thành công trong phiên bản phim truyền hình. Chưa dừng lại ở đó, có ý kiến cho rằng Trấn Thành còn khá trẻ nên về tạo hình cũng khó có thể thuyết phục được người xem.",Supported,Refuted,False
1067,"Lợi ích của việc nhận tiền mừng bằng mã là không mất thời gian mở phong bì kiểm tra, ghi chép, dễ dàng gửi tiền mừng nếu bạn bè ở xa, nhớ chính xác người gửi và chi phi làm mã QR cũng không cao.","Nếu theo cách mừng cưới truyền thống, thường phải mấy ngày sau mới mở phong bì, tốn thời gian kiểm đếm, ghi chép lưu giữ lại. Giờ đây, nhờ chuyển đổi số, anh chỉ cần ra ngân hàng hoặc lên ứng dụng sao kê để biết số tiền mừng. “Chuyển đổi số giúp cho mọi việc đơn giản, dễ dàng hơn. Bạn bè ở xa có thể dễ dàng nắm bắt được thông tin đám cưới và gửi quà mừng. Tôi có thể biết luôn số tiền họ mừng và nhớ từng người. Chi phí tạo một bảng mã QR như thế này lại rất rẻ, chỉ hết khoảng 300.000 đồng”,",Supported,Refuted,False
1070,"Đoàn phim chọn quay phim ở khu vực miền Tây, cách khá xa thành phố để các thành viên trong đoàn tập trung cho phim hơn.","Nhiều người cho rằng việc quay hình ở xa là một thử thách lớn đối với đoàn phim, song Nguyễn Quang Dũng lại suy nghĩ khác. Anh cho biết bản thân thích quay xa TP.HCM vì muốn các thành viên trong đoàn tập trung cho phim hơn. Nam đạo diễn tiết lộ người dân tại khu vực quay và kể cả chính quyền cũng đã yêu mến, hỗ trợ mình trong quá trình làm phim.",NEI,Refuted,False
1073,"Việc chính quyền dẹp xe dù, yêu cầu các doanh nghiệp vào bến đóng thuế đúng quy định có thể giúp các nhà xe cạnh tranh công bằng, thu hút khách vào bến.","Do đó, tôi mong rằng chính quyền TP.HCM mạnh tay dẹp xe dù, bến cóc, tăng giải pháp hút khách về bến xe mới. Đồng thời yêu cầu tất cả doanh nghiệp vận tải phải vào bến hoạt động, đóng thuế đúng quy định nhà nước đảm bảo sự cạnh tranh vận tải công bằng"", đại diện nhà xe Hùng Nga nói.",NEI,Supported,False
1083,Những người có tiền sử gia đình mắc bệnh ung thư gan sẽ có nguy cơ mắc bệnh thấp hơn.,"còn có một số yếu tố nguy cơ khác như nhiễm độc tố Alfatoxin, Dioxin, bệnh gan di truyền, bệnh gan nhiễm mỡ, béo phì, đái tháo đường, uống nhiều rượu…",NEI,Refuted,False
1086,Weploy - mô hình cung ứng nhân sự thời vụ trên nền tảng số gây sốt khi xuất hiện tại thị trường Việt Nam hỗ trợ cho doanh nghiệp tuyển dụng.,chính thức có mặt tại Việt Nam sau khi thành công ở vòng gọi vốn đầu tiên với 5 triệu USD từ Skymind Global Ventures. Weploy - mô hình cung ứng nhân sự thời vụ trên nền tảng số,NEI,Supported,False
1087,"UBND tỉnh Bình Thuận đã hướng dẫn các cơ quan, tổ chức và các địa phương trong tỉnh tạo điều kiện thuận lợi để người dân đón Tết Ramưwan một cách vui vẻ, an lành và tiết kiệm. Đồng thời, họ cũng tăng cường công tác kiểm soát dịch bệnh và đảm bảo các biện pháp phòng chống COVID-19 được thực hiện nghiêm túc. Ngoài ra, UBND tỉnh cũng khuyến khích người dân tham gia vào các hoạt động xã hội như tình nguyện, bảo vệ môi trường và góp phần vào phát triển kinh tế-xã hội của tỉnh trong năm 2023.","Để thuận lợi cho bà con đón Tết Ramưwan, UBND tỉnh Bình Thuận đã chỉ đạo các sở, ban, ngành, Mặt trận Tổ quốc, đoàn thể trong tỉnh, các địa phương tạo mọi điều kiện thuận lợi để đồng bào được đón tết vui tươi, an toàn, tiết kiệm. Đồng thời, động viên đồng bào vui Tết không quên nhiệm vụ phát triển sản xuất; ổn định về mọi mặt đời sống, bảo đảm an ninh chính trị, trật tự an toàn xã hội; góp phần cùng với các dân tộc anh em trong tỉnh thực hiện hoàn thành tốt các chỉ tiêu phát triển kinh tế- xã hội năm 2023.",NEI,Supported,False
1090,Kết quả chụp X - quang tại bệnh viện cho thấy dị vật là cục pin tiểu dài bị mắc kẹt trong lỗ mũi phải.,"Bé được chuyển đến Bệnh viện Nhi đồng 1. Bác sĩ trực khoa Tai mũi họng nhanh chóng thăm khám, chỉ định chụp X-quang để xác định vị trí dị vật. Qua phim X-quang, bác sĩ xác định đây là dị vật mũi nghi pin điện tử dạng cúc áo. chảy dịch vàng lẫn máu bên mũi phải",Refuted,Supported,False
1092,"Một trong 6 giải pháp được đề xuất để phát huy vai trò tiên phong, dẫn dắt của khối doanh nghiệp trực thuộc Uỷ ban là nâng cao hiệu quả quản lý của doanh nghiệp, tiếp tục nghiên cứu, sửa đổi khung thể chế pháp lý đồng bộ để làm rõ hơn vị trí, vai trò của các tổng công ty.","Để phát huy vai trò tiên phong, dẫn dắt của khối doanh nghiệp trực thuộc Uỷ ban trong phát triển kinh tế-xã hội, Bộ trưởng Nguyễn Chí Dũng đề xuất 6 giải pháp. Bốn là, tiếp tục nâng cao hiệu quả quản lý, hoạt động của Ủy ban, tiếp tục nghiên cứu, sửa đổi khung thể chế pháp lý đồng bộ để làm rõ hơn vị trí, vai trò của Ủy ban.",Refuted,NEI,False
1093,Những vũ khí hạt nhân có năng lực phá hủy quy mô lớn và sự gia tăng đáng lo ngại của việc sở hữu hạt nhân đã hình thành xu hướng từ 2017.,"những vũ khí này có năng lực phá hủy quy mô lớn, sự gia tăng này đáng lo ngại và đã hình thành xu hướng từ năm 2017.",Supported,NEI,False
1099,Các điểm kinh doanh của Công ty F88 đã tuân thủ nội dung kiểm tra của lực lượng chức năng.,"Qua kiểm tra, các điểm kinh doanh của Công ty F88 đều chấp hành nội dung kiểm tra của lực lượng chức năng.",Supported,Refuted,False
1119,"Trung tâm tiếp tục đào tạo và bồi dưỡng, nâng cao đội ngũ công tác, lực lượng huấn luyện, vận động viên để trung tâm ngày càng chất lượng hơn.","Trung tâm tiếp tục quan tâm đào tạo, bồi dưỡng, nâng cao trình độ chuyên môn, nghiệp vụ cho đội ngũ cán bộ làm công tác thể thao, lực lượng huấn luyện viên, vận động viên",NEI,Supported,False
1120,Soyuz MS-22 đã đưa 2 phi hành gia nam của Nga và 1 phi hành gia nữ của Cơ quan hàng không vũ trụ Mỹ (NASA) lên ISS vào tháng 2/2022 và dự kiến đưa các phi hành gia này về Trái Đất.,"Tháng 9/2022, Soyuz MS-22 đã đưa 2 phi hành gia của Nga và 1 phi hành gia của Cơ quan hàng không vũ trụ Mỹ (NASA) lên ISS và dự kiến đưa các phi hành gia này về Trái Đất.",NEI,Refuted,False
1121,Bức ảnh tìm ra ở triển lãm ảnh của tác giả Hữu Thành khi tỉnh Bình Thuận tổ chức viếng thăm triển lãm ảnh của các phóng viên.,"Như PLO trước đó đã đưa tin, việc tìm ra nhân vật trong bức ảnh sau 27 năm này hết sức tình cờ. Đó là những ngày cuối năm Nhâm Dần 2022, Tỉnh ủy, UBND, HĐND, UBMTTQVN tỉnh Bình Thuận tổ chức tặng quà Tết cho các phóng viên thường trú trên địa bàn tỉnh tại trụ sở Cơ quan thường trú Thông tấn xã Việt Nam ở Bình Thuận. Những hoạt động ấm áp cuối năm này đều được ghi lại hình ảnh và hậu cảnh đều có tấm ảnh “Em bé K’ho” của tác giả Hữu Thành treo trên tường",Refuted,Supported,False
1123,"Dự án Đại lộ Bắc - Nam phía Đông dự kiến sẽ hoàn thành vào thời hạn ban đầu là ngày 30 tháng 6 năm 2023, bất chấp những chậm trễ và thách thức phải đối mặt.",Bộ GTVT cũng yêu phải hoàn thành trong tháng 3-2023 để các nhà thầu tổ chức thi công theo đúng kế hoạch,Refuted,NEI,False
1130,"Đối thủ đã gây khó khăn cho Nguyễn Thùy Linh ngay lúc khởi đầu, tuy nhiên sau đó Thùy Linh dễ dàng giành thắng lợi ở ván đầu tiên với điểm số cách biệt 21-7.",Nguyễn Thùy Linh khởi đầu khá thuận lợi gây khó cho đối thủ Thùy Linh dễ dàng giành thắng lợi ở ván đầu tiên với điểm số cách biệt 21-7.,Refuted,Supported,False
1136,"Trong vài năm tới, chúng ta phấn đấu thống nhất các loại giấy tờ trong ASEAN để công dân VIệt Nam có thể đi lại các nước trong khối EU chỉ bằng CCCD mà không cần thêm hộ chiếu.","chúng ta đang phấn đấu thống nhất các loại giấy tờ trong ASEAN, công dân các nước đi lại trong ASEAN không cần hộ chiếu. công dân Việt Nam có thể đi lại các nước ASEAN bằng CCCD",Refuted,NEI,False
1152,ĐH Quốc gia TP.HCM đứng đầu thế giới ở cả 9 ngành học.,ĐH Quốc gia TP.HCM được vinh danh là một trong những ĐH hàng đầu thế giới với 9 nhóm ngành học đạt vị trí cao.,Refuted,Supported,False
1154,"Năm 1907 Khách sạn có tên là Grand Hotel de Hue, năm 1901 Khách sạn có tên là Morin Frère.","sau cơn bão năm Thìn, khách sạn hư hỏng nặng, ông Bogeart đã tu sửa và chuyển sở hữu cho nhà tư sản A.Guerin Đến năm 1907, khách sạn đã được chuyển nhượng cho anh em nhà Morin, lấy tên ""Morin Frère"" (khách sạn anh em nhà Morin) và tên gọi Morin gắn liền với lịch sử của khách sạn từ đó đến tận hôm nay Năm 1904 Khách sạn ra đời vào năm 1901 khi ông Henri Bogaert, chủ nhà máy gạch ngói Long Thọ, cho khởi công xây dựng và lấy tên là ""Grand Hotel de Hue"".",Refuted,Supported,False
1156,"Vụ án đã được khởi tố và ông Nguyễn Quốc Bắc, nguyên chủ tịch UBND TP Bảo Lộc, đã bị bắt tạm giam vào ngày 22-3 bởi Lãnh đạo Công an tỉnh Lâm Đồng do tội thiếu trách nhiệm gây hậu quả nghiêm trọng trong việc giao trái quy định 71 lô đất.","Ngày 22-3, Lãnh đạo Công an tỉnh Lâm Đồng cho biết đã khởi tố vụ án, khởi tố bị can với ông Nguyễn Quốc Bắc, nguyên chủ tịch UBND TP Bảo Lộc để điều tra về tội thiếu trách nhiệm gây hậu quả nghiêm trọng. sai phạm trong việc giao trái quy định 71 lô đất.",Supported,Refuted,False
1172,Bà Hoàng Phương Thảo khẳng định chuyện 2 đối tượng lạ mặt tiếp cận học sinh được chia sẻ trên mạng xã hội là hoàn toàn sai sự thật.,"bà Hoàng Phương Thảo - Trưởng phòng GD&ĐT thành phố Vinh, Nghệ An khẳng định, việc nhiều phụ huynh lên mạng xã hội đăng tin về việc học sinh bị bắt cóc là sai sự thật. Nội dung chia sẻ về việc 2 thanh niên lạ mặt đi xe máy, tiếp cận học sinh trên mạng xã hội là có một phần đúng.",Refuted,Supported,False
1173,"Với các bệnh lý xương khớp thường chụp x - quang trước vì giá thành rẻ, sau đó mới tiến hành chụp MRI nếu cần.","Bác sĩ Loan cho biết: ""Với các bệnh lý xương khớp, phương pháp chụp cộng hưởng từ (MRI) có tác dụng rất lớn trong việc chẩn đoán sớm, chính xác. Đây là kỹ thuật không xâm lấn giúp tạo ra hình ảnh chi tiết về cấu trúc bên trong cơ thể. MRI không sử dụng tia bức xạ (tia X) nên rất an toàn.",NEI,Refuted,False
1175,Sau giải đấu Muay 2023 tại Quảng trường Đại Đoàn Kết đã thu hút nhiều người tham gia vào phong trào tập luyện Muay ở các câu lạc bộ Gia Lai.,"Đặc biệt, sân thi đấu Muay lần này được tỉnh Gia Lai bố trí tại khu vực khuôn viên Quảng trường Đại Đoàn Kết nhằm thúc đẩy hơn nữa phong trào tập luyện môn Muay ở các câu lạc bộ tại Gia Lai.",NEI,Supported,False
1182,"Ban Chỉ đạo quốc gia về hội nhập quốc tế có các chức năng và nhiệm vụ hỗ trợ Chính phủ, Thủ tướng Chính phủ đề ra các định hướng, chiến lược, các giải pháp lớn liên quan đến hội nhập quốc tế đồng thời cũng góp phần triển khai các chủ trương, giải quyết các vến đề liên quan đến hội nhập quốc tế.","Ban Chỉ đạo có nhiệm vụ giúp triển khai các chủ trương, chính sách lớn giải quyết những vấn đề quan trọng đề ra các định hướng, chiến lược, các giải pháp lớn liên quan đến hội nhập quốc tế; đề xuất những nhiệm vụ trọng tâm, trọng điểm về hội nhập quốc tế cần tập trung chỉ đạo, điều hành trong từng giai đoạn",Supported,NEI,False
1189,Các nhà khoa học đã giải mã thành công cơ chế của loài cúc tạo ra ruồi cái giả trên cánh hoa để dụ con đực tới thụ phấn.,"Các nhà khoa học giải mã cơ chế bí ẩn giúp loài cúc ở Nam Phi tạo ra ruồi cái giả trên cánh hoa, dụ con đực tới thụ phấn",NEI,Supported,False
1191,Bến xe Miền Đông chính thức hoạt động từ tháng 10-2020 và hiện nay có khoảng 150 tuyến xe khách được chủ trương di dời về hoạt động tại đây.,"Trước đó, bến xe Miền Đông mới chính thức hoạt động từ tháng 10-2020 và đến tháng 10-2021 có 120 tuyến xe khách di dời về hoạt động tại đây.",NEI,Refuted,False
1212,Tình hình phục hồi và phát triển kinh tế TP Hồ Chí Minh có bước khởi sắc với nhiều điểm sáng trong những tháng đầu năm.,"những tháng đầu năm nay, tình hình phục hồi và phát triển kinh tế thành phố có bước khởi sắc với nhiều điểm sáng",Supported,Refuted,False
1215,"Ngày 28/3, quân đội Nga đã gây ra nhiều thiệt hại về người và vật chất cho Ukraine tại vùng Donetsk.","Cũng trong ngày 28/3, quân đội Nga tuyên bố đã gây ra nhiều tổn thất cho Ukraine tại vùng Donetsk.",NEI,Supported,False
1245,"3 ban kỹ thuật tiêu chuẩn quốc gia đã được thành lập để triển khai kế hoạch, trong đó quan trọng nhất là bộ phận TCVN/TC E16 Hệ thống truyền năng lượng cho xe điện.","Để triển khai kế hoạch, Tổng cục Tiêu chuẩn - Đo lường - Chất lượng đã thành lập 3 Ban kỹ thuật tiêu chuẩn quốc gia gồm: TCVN/TC E1 Máy điện và khí cụ điện, TCVN/TC E4 Dây cáp điện, TCVN/TC E16 Hệ thống truyền năng lượng cho xe điện.",NEI,Supported,False
1248,"2 đồng chí Nguyễn Nguyên Quân, Trưởng ban Dân tộc Thành phố và Nguyễn Xuân Đại, Giám đốc Sở NN&NT cũng được bầu làm Ủy viên UBND Thành phố vào ngày 10/3.",". Các đại biểu cũng thống nhất bầu 2 đồng chí: Nguyễn Nguyên Quân, Trưởng ban Dân tộc Thành phố; Nguyễn Xuân Đại, Giám đốc Sở NN&NT làm Ủy viên UBND Thành phố. Tại kỳ họp, HĐND TP. Hà Nội đã bầu bà Vũ Thu Hà, Giám đốc Sở Nội vụ làm Phó Chủ tịch UBND TP nhiệm kỳ 2021-2026.",Supported,NEI,False
1268,"Trong ngày quốc tang 18 và 19/9 để tri ân những người đã hi sinh trong vụ hỏa hoạn tại kho chứa nhiên liệu, hàng dài những người lính cứu hỏa, binh sĩ và cư dân thành phố Matanzas đã bất chấp thời tiết nắng nóng gay gắt, diễu hành chậm rãi để tiễn đưa và vính danh họ.","Những người lính cứu hỏa, binh sĩ và cư dân thành phố Matanzas tiễn đưa và vinh danh những người đã hy sinh trong vụ hỏa hoạn xảy ra tại kho chứa nhiên liệu bên vịnh Matanzas nắng nóng gay gắt, hàng dài những người lính cứu hỏa, binh sĩ và cư dân thành phố Matanzas đã diễu hành chậm rãi để tiễn đưa và vinh Bất chấp thời tiết danh những người đã hy sinh quốc tang và treo cờ rủ trong hai ngày 18 và 19/8 để tri ân những người đã ngã xuống khi làm nhiệm vụ trong thảm họa nói trên",Supported,Refuted,False
1273,"Quy định mới về việc ngân hàng mua, bán trái phiếu doanh nghiệp có thể tác động tích cực lẫn tiêu cực đến thị trường.","- Quy định mới về việc ngân hàng mua, bán trái phiếu doanh nghiệp có thể tác động tích cực đến thị trường dù vẫn còn một số điểm chưa được đề cập trong bối cảnh nợ xấu trái phiếu tăng từng ngày.",NEI,Refuted,False
1277,Lễ an táng 16 người đã hy sinh trong vụ hoả hoạn diễn ra tại nghĩa trang thành phố La Habana.,"Lễ an táng được tổ chức cùng ngày theo nghi thức gia đình tại nghĩa trang San Carlos de Matanzas, cách thủ đô La Habana 100 km về phía Đông. vụ hỏa hoạn xảy ra tại kho chứa nhiên liệu bên vịnh Matanzas",Refuted,Supported,False
1284,Bài thi vào chung kết được lựa chọn dựa trên 60% bình chọn của độc giả và 40% điểm từ Ban giám khảo.,"Ban tổ chức và Ban giám khảo sẽ chấm điểm, chọn bài thi vào vòng chung kết dựa trên 40% bình chọn của độc giả và 60% điểm Ban giám khảo.",Refuted,Supported,False
1299,"Minh Anh nhận xét bản thân là một người khiêm tốn, kiên trì, biết ơn những mối quan hệ xung quanh, bên cạnh đó khuyết điểm của cô nàng là làm việc thiên về cảm xúc, trì hoãn, thư giãn ròi mới học.","* Nếu phải tự nhận xét về mình thì bạn sẽ nói những gì? - Ưu điểm của tôi là khiêm tốn, kiên trì, biết trân trọng cũng như biết dành thời gian để nuôi dưỡng những mối quan hệ với bạn bè, người thân chứ không phải suốt ngày chỉ có học và học. Khuyết điểm là tôi hay làm việc theo cảm xúc. Thường thì tôi cứ chờ ""nước đến chân mới nhảy"", tức là ngày mai phải nộp bài cho cô thì hôm nay mới làm. Hoặc buổi tối khi đi học về, tôi sẽ ăn uống, giải trí rồi mới ngồi vào bàn học - thay vì học bài xong rồi hãy thư giãn",Supported,Refuted,False
1303,Cơ quan chức năng của Mỹ vừa thông báo phát hiện 11 thi thể trôi dạt trên biển trong đó có một số thi thể được xác định là người Việt nam dựa trên các giấy tờ tùy thân.,"các cơ quan chức năng Đài Loan (Trung Quốc) thông báo phát hiện 11 thi thể trôi dạt trên biển, trong đó có một số thi thể mang giấy tờ tùy thân Việt Nam",NEI,Refuted,False
1319,"Với trận thắng 4 - 0 của U23 Việt Nam trước U23 UAE tại Doha Cup 2023, nhà báo Minh Hải có những chia sẻ thẳng thắn về chuyện này.",Nhà báo Minh Hải có những chia sẻ thẳng thắn về thất bại của U23 Việt Nam trước U23 UAE tại Doha Cup 2023 U23 Việt Nam thua 0 - 4 trước U23 UAE,Refuted,Supported,False
1344,"HLV Deschamps đã thay đổi thủ môn, hậu vệ, trung vệ tận 3 lần trong trận với Ireland.",HLV Deschamps đã thực hiện 3 sự thay đổi nhân sự so với trận thắng Hà Lan đội tuyển Pháp gặp nhiều khó khăn trước chủ nhà Ireland với lối chơi phòng ngự chặt chẽ,NEI,Refuted,False
1345,"Theo Trưởng phòng GD&ĐT thành phố Vinh, Nghệ An khẳng định thông tin học sinh bị bắt cóc và thông tin có đối tượng đáng nghi tiếp cận học sinh là hoàn toàn đúng.","Gần đây nhiều nhóm phụ huynh tại thành phố Vinh (Nghệ An) lan truyền thông tin về hiện tượng 2 thanh niên lạ mặt đi xe máy, tiếp cận học sinh ở nhiều trường học với ý đồ xấu Trao đổi với phóng viên Báo Dân trí, bà Hoàng Phương Thảo - Trưởng phòng GD&ĐT thành phố Vinh, Nghệ An khẳng định, việc nhiều phụ huynh lên mạng xã hội đăng tin về việc học sinh bị bắt cóc là sai sự thật",Refuted,Supported,False
1350,"Israel đang gửi viện trợ nhân đạo và hệ thống phòng thủ cho Ukraine, nhưng không gửi vũ khí chiến đấu.","Thay vì cấp vũ khí chiến đấu, Tel Aviv đang cố gắng gửi viện trợ nhân đạo và các hệ thống phòng thủ cho Kiev",Supported,Refuted,False
1353,"Thế hệ Alpha trưởng thành trong thời đại công nghệ và số hóa hoàn toàn, do đó có khả năng sử dụng công nghệ mới một cách tự nhiên hơn các thế hệ trước đó.","Đây là thế hệ được sinh ra trong thời đại công nghệ và số hóa hoàn toàn nên có sự sáng tạo, linh hoạt và khả năng thích nghi với các công nghệ mới. Thế hệ này được sinh ra và lớn lên trong một thế giới kết nối với sự phổ biến của các thiết bị di động và mạng internet. Vì vậy, họ có khả năng sử dụng công nghệ mới một cách tự nhiên hơn các thế hệ trước đó.",Supported,Refuted,False
1376,"Sau khi Takeoff qua đời, hàng loạt mâu thuẫn gia đình kéo đến khiến cả hai nam rapper bất hòa và mối quan hệ không cải thiện kể từ đó.","sau thảm kịch cướp đi mạng sống của Takeoff, cả hai bất hòa và mối quan hệ không cải thiện kể từ đó.",NEI,Supported,False
1377,Bản sao của bộ xương hóa thách được tìm thấy sau khoảng 10 năm khai quật.,"bản sao bộ xương hóa thạch của một trong 6 con titanosaur được tìm thấy sau khi một nông dân ở vùng Argentina phát hiện ra một xương đùi khổng lồ nhô ra khỏi mặt đất vào năm 2010, dẫn đến quá trình khai quật kéo dài nhiều năm.",NEI,Refuted,False
1385,"Thí sinh cần bình tĩnh, tự tin và ""từ từ"" làm bài thay vì căng thẳng, gấp rút dẫn đến những sai sót không đáng có, sau khi làm xong cần phải cẩn thận kiểm tra lại từng câu một.","Thí sinh cần bình tĩnh, tự tin và ""từ từ"" làm bài thay vì căng thẳng, gấp rút dẫn đến những sai sót không đáng có. phải cẩn thận kiểm tra lại từng câu một",Supported,NEI,False
1386,"Nhiều hạng mục như cầu, cống đã hoàn thiện nhưng đang sửa chữa thiếu biển, hàng rào cảnh báo gây nguy cơ mất an toàn giao thông cho người qua lại đặc biệt là vào ban đêm tầm nhìn hị hạn chế.","Bên cạnh đó, nhiều hạng mục như cầu, cống chưa hoàn thiện nhưng thiếu biển, hàng rào cảnh báo gây nguy cơ mất an toàn giao thông cho người qua lại. Đặc biệt là xe cộ lưu thông trên tuyến đường vào ban đêm.",Refuted,NEI,False
1387,"Tại Nghị quyết số 31/CC-CP, Chính phủ yêu cầu các cơ quan chức năng theo dõi sát diễn biến tình hình quốc tế và tập trung tháo gỡ khó văn đối với tín dụng và thị trường trái phiếu.","tại Nghị quyết số 31/NQ-CP, Chính phủ yêu cầu các bộ, cơ quan, địa phương căn cứ chức năng Tập trung thực hiện các nhiệm vụ tháo gỡ khó khăn, vướng mắc đối với tín dụng, thị trường trái phiếu doanh",Refuted,NEI,False
1393,"Người lao động trên địa bàn TP.HCM phải hoàn thành 100% làm thủ tục cấp thẻ căn cước công dân gắn chip và đăng ký, kích hoạt thành công tài khoản định danh điện tử VNeID trong tháng 4-2023 nhằm chứng minh thông tin cư trú, thông tin cá nhân thay thế sổ hộ khẩu, sổ tạm trú.","giúp chứng minh thông tin cư trú, thông tin cá nhân thay thế sổ hộ khẩu, sổ tạm trú người lao động trên địa bàn phải hoàn thành 100% làm thủ tục cấp thẻ căn cước công dân gắn chip và đăng ký, kích hoạt thành công tài khoản định danh điện tử VNeID trong tháng 4-2023",Supported,Refuted,False
1413,Ronaldo hiện đang giữ chức đội trưởng của đội tuyển quốc gia Bồ Đào Nha.,Ronaldo vẫn là nhân vật quan trọng của Bồ Đào Nha và được HLV Roberto Martinez trao quyền lực ở đội tuyển.,NEI,Refuted,False
1417,"Trung tâm đăng kiểm 60.05D ban đầu nằm ở đường Võ Thị Sáu, sau dời về số 370/2A đường Võ Nguyên Giáp.","Ngày 27/3, Trung tâm đăng kiểm xe cơ giới 60.05D (số 370/2A đường Võ Nguyên Giáp, phường Phước Tân, TP Biên Hòa, Đồng Nai)",NEI,Refuted,False
1423,Billy Ray Brown và Connie Brown là một cặp vợ chồng chênh lệch tuổi tác đáng kể.,Billy Ray Brown và Connie Brown là cặp vợ chồng cách nhau 22 tuổi,Supported,Refuted,False
1429,Chi phí thức ăn chăn nuôi cao dẫn đến số lượng người tham gia chăn nuôi gia súc ở Việt Nam ngày càng tăng.,"Sau vài năm cơn 'bão giá' thức ăn chăn nuôi ập đến, từ khoảng 4 triệu người tham gia chăn nuôi trên cả nước đến nay chỉ còn hơn 2 triệu người",Refuted,Supported,False
1432,ông Philippe Troussier sẽ thay thế ông Park Hang-seo để dẫn dắt đội tuyển VN và U23 quốc gia.,Liên đoàn đã có nhiều buổi tiếp xúc và làm việc với ông Philippe Troussier cho vị trí HLV trưởng Đội tuyển Việt Nam và Đội tuyển U23 quốc gia sau khi ông Park Hang-seo không gia hạn hợp đồng,Supported,Refuted,False
1435,"Agribank luôn thực hiện theo chủ trương, chính sách của nhà nước nhằm làm “trụ đỡ” nền kinh tế theo hướng nông thôn bền vững.","Agribank luôn phát huy vai trò tiên phong, gương mẫu thực thi nghiêm túc, có hiệu quả chính sách tiền tệ quốc gia và các chủ trương, chính sách của Đảng, Nhà nước về “Tam nông”, về tiền tệ, ngân hàng, nhất là chính sách tín dụng phục vụ phát triển nông nghiệp, nông thôn, góp phần quan trọng ổn định kinh tế vĩ mô, kiểm soát lạm phát, thúc đẩy tăng trưởng và bảo đảm an sinh xã hội, phát triển nông nghiệp, “trụ đỡ” nền kinh tế theo hướng hiện đại, bền vững.",Refuted,Supported,False
